inquiry_id,seller_id,stage,issue_type,created_at,first_response_at,resolved_at,repeat_within_72h
Q00001,S0148,서류 확인,검토 일정,2026-08-12 07:01:32,2026-08-12 20:06:27,,False
Q00002,S0116,서류 확인,사업자 정보,2026-08-12 19:27:29,2026-08-13 08:26:52,2026-08-14 06:28:04,False
Q00003,S0116,계약,계약 절차,2026-08-16 08:42:01,2026-08-16 18:02:04,2026-08-17 06:56:05,False
Q00004,S0044,서류 확인,사업자 정보,2026-08-13 16:24:07,2026-08-14 01:31:11,2026-08-14 15:09:41,False
Q00005,S0044,계약,정산 정보,2026-08-14 12:30:39,2026-08-15 01:24:01,2026-08-15 15:20:22,False
Q00006,S0044,상품 등록,정산 정보,2026-08-15 20:49:28,2026-08-16 05:22:10,2026-08-16 19:46:35,True
Q00007,S0236,서류 확인,검토 일정,2026-08-13 10:57:40,2026-08-13 18:50:19,2026-08-14 10:12:02,False
Q00008,S0236,계약,계약 절차,2026-08-14 20:26:16,2026-08-15 03:26:31,2026-08-15 12:39:02,False
Q00009,S0236,상품 등록,계약 절차,2026-08-16 03:27:19,2026-08-16 10:28:40,2026-08-16 18:38:51,True
Q00010,S0035,서류 확인,검토 일정,2026-08-13 04:07:22,2026-08-13 09:14:44,2026-08-13 20:41:06,False
Q00011,S0127,서류 확인,서류 보완,2026-08-12 14:40:12,2026-08-13 03:20:07,2026-08-13 18:02:24,False
Q00012,S0127,계약,서류 보완,2026-08-15 04:34:41,2026-08-15 20:07:02,2026-08-16 20:37:36,True
Q00013,S0127,상품 등록,이미지 규격,2026-08-16 20:13:27,2026-08-17 17:02:10,2026-08-17 21:40:17,False
Q00014,S0127,판매 준비 완료,이미지 규격,2026-08-19 09:42:24,2026-08-19 20:24:57,2026-08-20 15:42:55,True
Q00015,S0127,판매 준비 완료,마케팅 지원,2026-08-19 12:52:36,2026-08-19 13:16:36,2026-08-20 00:48:52,False
Q00016,S0127,판매 준비 완료,오픈 일정,2026-08-20 01:51:29,2026-08-20 09:39:11,2026-08-20 14:23:54,False
Q00017,S0169,서류 확인,사업자 정보,2026-08-14 03:40:34,2026-08-15 03:24:25,2026-08-15 16:21:54,False
Q00018,S0169,계약,계약 절차,2026-08-15 22:35:20,2026-08-16 06:36:09,2026-08-16 07:36:09,False
Q00019,S0169,상품 등록,상품 등록,2026-08-17 15:32:25,2026-08-18 06:05:40,2026-08-19 06:29:23,False
Q00020,S0008,서류 확인,서류 보완,2026-08-14 00:40:13,2026-08-14 23:02:39,2026-08-16 00:07:02,False
Q00021,S0008,계약,담당자 확인,2026-08-17 02:36:38,2026-08-17 12:46:03,2026-08-18 04:35:54,False
Q00022,S0008,상품 등록,상품 등록,2026-08-19 07:03:15,2026-08-20 02:07:12,2026-08-20 17:32:43,False
Q00023,S0006,서류 확인,서류 보완,2026-08-14 02:00:01,2026-08-14 18:36:53,2026-08-14 22:31:37,False
Q00024,S0006,계약,담당자 확인,2026-08-16 16:43:34,2026-08-17 04:37:27,2026-08-18 05:00:35,False
Q00025,S0006,상품 등록,담당자 확인,2026-08-17 09:33:21,2026-08-17 13:49:50,2026-08-17 20:02:19,True
Q00026,S0006,판매 준비 완료,마케팅 지원,2026-08-20 13:38:51,2026-08-20 22:05:52,2026-08-21 16:59:07,False
Q00027,S0055,서류 확인,검토 일정,2026-08-14 22:40:48,2026-08-15 08:42:38,2026-08-15 21:01:41,False
Q00028,S0063,서류 확인,검토 일정,2026-08-14 15:44:24,2026-08-15 14:54:01,2026-08-16 02:41:32,False
Q00029,S0177,서류 확인,서류 보완,2026-08-15 02:32:54,2026-08-16 08:48:16,2026-08-17 07:28:55,False
Q00030,S0177,계약,담당자 확인,2026-08-17 16:33:45,2026-08-17 16:57:45,2026-08-18 04:57:43,False
Q00031,S0177,상품 등록,담당자 확인,2026-08-20 00:40:51,2026-08-20 06:19:38,2026-08-21 00:46:04,True
Q00032,S0194,서류 확인,서류 보완,2026-08-15 23:37:09,2026-08-16 11:32:11,2026-08-16 16:16:15,False
Q00033,S0194,계약,서류 보완,2026-08-16 07:58:09,2026-08-16 23:50:54,2026-08-17 09:24:25,True
Q00034,S0194,상품 등록,카테고리 설정,2026-08-18 12:39:20,2026-08-19 03:56:09,2026-08-19 15:37:51,False
Q00035,S0205,서류 확인,서류 보완,2026-08-15 11:58:59,2026-08-16 12:27:22,,False
Q00036,S0057,서류 확인,사업자 정보,2026-08-15 07:54:02,2026-08-15 21:41:03,2026-08-16 16:22:27,False
Q00037,S0089,서류 확인,서류 보완,2026-08-16 12:15:06,2026-08-17 00:55:33,,False
Q00038,S0089,계약,서류 보완,2026-08-17 22:52:20,2026-08-18 17:43:29,2026-08-19 03:47:25,True
Q00039,S0089,상품 등록,상품 등록,2026-08-19 02:09:11,2026-08-19 16:43:32,2026-08-20 03:46:50,False
Q00040,S0184,서류 확인,검토 일정,2026-08-15 16:57:07,2026-08-16 02:11:26,2026-08-16 03:11:26,False
Q00041,S0062,서류 확인,서류 보완,2026-08-17 04:31:46,2026-08-17 21:51:16,2026-08-18 15:13:51,False
Q00042,S0062,계약,정산 정보,2026-08-18 17:43:34,2026-08-19 05:07:42,2026-08-20 03:30:10,False
Q00043,S0062,상품 등록,상품 등록,2026-08-21 14:38:40,2026-08-22 03:56:31,2026-08-22 20:03:07,False
Q00044,S0062,판매 준비 완료,상품 등록,2026-08-24 17:36:43,2026-08-25 04:09:21,2026-08-25 11:18:26,False
Q00045,S0224,서류 확인,사업자 정보,2026-08-16 04:39:46,2026-08-16 22:14:37,2026-08-17 08:13:17,False
Q00046,S0097,서류 확인,서류 보완,2026-08-16 02:41:04,2026-08-16 17:49:57,2026-08-17 19:10:14,False
Q00047,S0042,서류 확인,검토 일정,2026-08-16 07:14:29,2026-08-16 21:34:05,2026-08-17 09:36:16,False
Q00048,S0042,계약,계약 절차,2026-08-18 01:29:38,2026-08-18 10:14:52,2026-08-18 14:45:28,False
Q00049,S0042,상품 등록,상품 등록,2026-08-19 09:16:33,2026-08-19 21:55:43,2026-08-20 12:30:32,False
Q00050,S0042,판매 준비 완료,상품 등록,2026-08-22 02:27:21,2026-08-23 03:51:16,2026-08-23 09:14:39,True
Q00051,S0223,서류 확인,서류 보완,2026-08-16 01:16:49,2026-08-16 20:25:11,2026-08-16 21:25:11,False
Q00052,S0223,계약,서류 보완,2026-08-18 18:45:36,2026-08-19 12:27:02,2026-08-19 20:41:12,True
Q00053,S0157,서류 확인,서류 보완,2026-08-16 19:01:06,2026-08-17 07:09:07,2026-08-18 04:20:05,False
Q00054,S0157,계약,서류 보완,2026-08-19 06:12:53,2026-08-20 05:42:06,2026-08-20 16:13:12,True
Q00055,S0157,상품 등록,상품 등록,2026-08-21 01:31:23,2026-08-21 06:54:06,2026-08-21 20:08:14,False
Q00056,S0212,서류 확인,서류 보완,2026-08-17 10:46:48,2026-08-18 11:27:23,2026-08-19 06:56:40,False
Q00057,S0212,계약,서류 보완,2026-08-17 22:01:37,2026-08-18 20:53:23,2026-08-19 03:46:09,True
Q00058,S0198,서류 확인,검토 일정,2026-08-17 05:20:21,2026-08-17 15:34:29,2026-08-18 01:49:57,False
Q00059,S0198,계약,정산 정보,2026-08-18 08:04:40,2026-08-18 19:29:24,2026-08-19 05:08:59,False
Q00060,S0017,서류 확인,서류 보완,2026-08-17 20:21:53,2026-08-18 20:12:34,2026-08-19 08:09:51,False
Q00061,S0017,계약,서류 보완,2026-08-18 11:37:09,2026-08-18 22:17:22,2026-08-19 01:50:27,True
Q00062,S0114,서류 확인,서류 보완,2026-08-18 02:54:05,2026-08-18 17:02:21,2026-08-19 05:17:05,False
Q00063,S0114,계약,서류 보완,2026-08-21 08:13:01,2026-08-22 00:58:18,2026-08-22 06:51:51,False
Q00064,S0114,상품 등록,카테고리 설정,2026-08-22 04:56:28,2026-08-22 17:15:12,2026-08-23 20:26:38,False
Q00065,S0114,판매 준비 완료,오픈 일정,2026-08-26 16:29:54,2026-08-26 19:39:25,2026-08-27 10:52:33,False
Q00066,S0228,서류 확인,검토 일정,2026-08-18 06:48:01,2026-08-19 01:11:44,,False
Q00067,S0228,계약,담당자 확인,2026-08-20 21:38:24,2026-08-21 12:36:21,2026-08-21 19:25:07,False
Q00068,S0228,상품 등록,상품 등록,2026-08-22 07:39:04,2026-08-23 05:14:57,2026-08-23 17:49:03,False
Q00069,S0005,서류 확인,사업자 정보,2026-08-18 03:37:29,2026-08-18 11:50:17,2026-08-19 02:58:33,False
Q00070,S0005,계약,정산 정보,2026-08-20 07:36:29,2026-08-20 20:05:44,2026-08-20 21:05:44,False
Q00071,S0041,서류 확인,서류 보완,2026-08-18 13:06:01,2026-08-19 12:22:37,2026-08-20 00:12:28,False
Q00072,S0041,계약,담당자 확인,2026-08-21 10:06:01,2026-08-21 20:07:14,2026-08-22 17:33:19,False
Q00073,S0051,서류 확인,사업자 정보,2026-08-18 23:59:51,2026-08-19 15:42:51,2026-08-19 22:18:05,False
Q00074,S0051,계약,정산 정보,2026-08-20 21:09:00,2026-08-21 09:02:35,2026-08-22 06:46:01,False
Q00075,S0051,상품 등록,정산 정보,2026-08-22 16:04:43,2026-08-23 02:54:34,2026-08-23 10:14:33,True
Q00076,S0073,서류 확인,사업자 정보,2026-08-18 23:29:11,2026-08-19 00:09:28,2026-08-19 07:42:40,False
Q00077,S0073,계약,사업자 정보,2026-08-21 05:47:10,2026-08-21 22:10:36,2026-08-22 18:53:05,True
Q00078,S0073,상품 등록,카테고리 설정,2026-08-23 07:51:00,2026-08-23 12:58:58,2026-08-24 07:27:25,False
Q00079,S0073,판매 준비 완료,카테고리 설정,2026-08-26 06:43:09,2026-08-26 16:38:00,2026-08-26 23:52:18,True
Q00080,S0218,서류 확인,사업자 정보,2026-08-19 06:43:08,2026-08-19 21:41:14,2026-08-20 10:11:21,False
Q00081,S0218,계약,계약 절차,2026-08-20 13:15:35,2026-08-21 01:35:23,2026-08-21 22:08:51,False
Q00082,S0218,상품 등록,카테고리 설정,2026-08-22 22:12:44,2026-08-23 05:23:53,2026-08-23 17:29:40,False
Q00083,S0218,판매 준비 완료,운영 가이드,2026-08-25 15:53:47,2026-08-26 01:28:09,2026-08-26 03:35:36,False
Q00084,S0218,판매 준비 완료,운영 가이드,2026-08-25 20:12:50,2026-08-25 21:49:45,2026-08-26 13:18:59,False
Q00085,S0040,서류 확인,검토 일정,2026-08-19 20:48:04,2026-08-20 12:16:11,2026-08-21 09:59:49,False
Q00086,S0040,계약,검토 일정,2026-08-21 01:46:16,2026-08-21 22:54:30,2026-08-22 08:51:34,True
Q00087,S0040,상품 등록,카테고리 설정,2026-08-23 22:07:15,2026-08-24 10:24:02,2026-08-24 22:56:58,False
Q00088,S0086,서류 확인,사업자 정보,2026-08-19 07:19:14,2026-08-20 00:59:58,2026-08-20 04:41:44,False
Q00089,S0086,계약,사업자 정보,2026-08-21 12:16:55,2026-08-21 20:21:18,2026-08-22 13:52:35,True
Q00090,S0083,서류 확인,서류 보완,2026-08-19 07:56:39,2026-08-19 22:16:09,2026-08-20 23:21:44,False
Q00091,S0083,계약,정산 정보,2026-08-22 02:21:33,2026-08-22 11:48:27,2026-08-23 00:01:20,False
Q00092,S0083,상품 등록,이미지 규격,2026-08-22 04:26:56,2026-08-22 08:28:48,2026-08-22 15:26:12,False
Q00093,S0160,서류 확인,검토 일정,2026-08-19 17:26:03,2026-08-19 20:46:13,2026-08-20 06:25:52,False
Q00094,S0160,계약,정산 정보,2026-08-21 15:31:36,2026-08-22 14:26:23,2026-08-23 03:59:10,False
Q00095,S0160,상품 등록,상품 등록,2026-08-23 14:28:24,2026-08-24 05:59:13,2026-08-24 17:26:52,False
Q00096,S0160,판매 준비 완료,마케팅 지원,2026-08-25 17:24:45,2026-08-26 02:09:59,2026-08-26 06:50:21,False
Q00097,S0186,서류 확인,사업자 정보,2026-08-19 18:25:03,2026-08-20 04:51:40,2026-08-20 08:22:08,False
Q00098,S0186,계약,계약 절차,2026-08-22 00:13:01,2026-08-22 14:37:54,2026-08-23 11:28:32,False
Q00099,S0186,상품 등록,상품 등록,2026-08-24 04:07:39,2026-08-24 21:30:52,2026-08-25 08:56:38,False
Q00100,S0139,서류 확인,서류 보완,2026-08-19 21:21:25,2026-08-20 11:38:55,2026-08-21 09:20:33,False
Q00101,S0139,계약,계약 절차,2026-08-22 13:40:55,2026-08-23 00:03:08,2026-08-23 13:43:18,False
Q00102,S0064,서류 확인,검토 일정,2026-08-20 07:11:10,2026-08-20 11:52:46,2026-08-21 12:53:23,False
Q00103,S0064,계약,담당자 확인,2026-08-22 02:39:05,2026-08-22 12:49:11,2026-08-23 01:28:15,False
Q00104,S0064,상품 등록,담당자 확인,2026-08-23 11:42:50,2026-08-23 12:54:45,2026-08-23 20:17:41,True
Q00105,S0064,판매 준비 완료,오픈 일정,2026-08-27 17:20:26,2026-08-28 03:23:46,2026-08-28 04:23:46,False
Q00106,S0120,서류 확인,검토 일정,2026-08-20 08:07:04,2026-08-20 19:16:09,2026-08-21 20:31:01,False
Q00107,S0047,서류 확인,검토 일정,2026-08-20 09:54:10,2026-08-20 14:50:29,2026-08-21 00:34:11,False
Q00108,S0047,계약,계약 절차,2026-08-22 00:20:15,2026-08-22 12:02:48,2026-08-22 14:35:04,False
Q00109,S0047,상품 등록,카테고리 설정,2026-08-23 16:38:18,2026-08-24 03:19:26,2026-08-24 21:51:46,False
Q00110,S0047,판매 준비 완료,마케팅 지원,2026-08-25 22:04:25,2026-08-26 07:59:45,2026-08-26 08:59:45,False
Q00111,S0010,서류 확인,서류 보완,2026-08-21 02:47:46,2026-08-21 21:59:07,2026-08-22 10:30:07,False
Q00112,S0010,계약,계약 절차,2026-08-22 13:30:09,2026-08-22 21:16:05,2026-08-23 11:48:48,False
Q00113,S0011,서류 확인,사업자 정보,2026-08-21 06:49:46,2026-08-22 00:57:55,2026-08-22 16:00:33,False
Q00114,S0011,계약,사업자 정보,2026-08-22 16:41:22,2026-08-23 06:20:16,2026-08-23 14:27:39,True
Q00115,S0011,상품 등록,상품 등록,2026-08-23 21:40:16,2026-08-24 12:51:28,2026-08-24 19:21:35,False
Q00116,S0011,판매 준비 완료,오픈 일정,2026-08-27 05:10:36,2026-08-27 13:13:43,2026-08-28 02:47:32,False
Q00117,S0201,서류 확인,서류 보완,2026-08-21 22:25:30,2026-08-22 17:30:24,2026-08-23 02:55:00,False
Q00118,S0201,계약,서류 보완,2026-08-23 18:57:58,2026-08-24 14:44:53,2026-08-25 07:26:42,True
Q00119,S0201,상품 등록,카테고리 설정,2026-08-25 16:36:44,2026-08-26 02:13:57,2026-08-26 06:54:57,False
Q00120,S0068,서류 확인,검토 일정,2026-08-20 20:09:00,2026-08-21 01:47:45,2026-08-21 09:40:52,False
Q00121,S0034,서류 확인,검토 일정,2026-08-21 05:08:34,2026-08-21 18:58:05,2026-08-22 15:11:11,False
Q00122,S0034,계약,담당자 확인,2026-08-23 05:16:07,2026-08-23 16:01:22,2026-08-23 20:12:47,False
Q00123,S0034,계약,계약 절차,2026-08-23 11:06:59,2026-08-24 06:25:37,2026-08-24 22:20:25,False
Q00124,S0211,서류 확인,검토 일정,2026-08-21 16:19:16,2026-08-22 02:34:44,2026-08-23 10:12:27,False
Q00125,S0211,계약,정산 정보,2026-08-24 03:24:12,2026-08-24 16:24:48,2026-08-24 17:24:48,False
Q00126,S0211,상품 등록,카테고리 설정,2026-08-26 21:41:45,2026-08-27 00:37:52,2026-08-27 07:47:11,False
Q00127,S0211,판매 준비 완료,운영 가이드,2026-08-29 12:48:47,2026-08-29 23:47:04,2026-08-31 01:30:43,False
Q00128,S0211,판매 준비 완료,마케팅 지원,2026-08-30 07:54:59,2026-08-31 00:02:48,2026-08-31 01:02:48,False
Q00129,S0088,서류 확인,검토 일정,2026-08-21 11:32:51,2026-08-21 17:34:53,2026-08-22 04:23:15,False
Q00130,S0088,계약,담당자 확인,2026-08-23 18:31:04,2026-08-24 02:49:25,2026-08-24 09:16:25,False
Q00131,S0090,서류 확인,사업자 정보,2026-08-21 06:06:02,2026-08-21 12:45:03,2026-08-21 22:54:22,False
Q00132,S0222,서류 확인,사업자 정보,2026-08-21 16:18:17,2026-08-22 04:48:27,2026-08-22 20:28:46,False
Q00133,S0093,서류 확인,검토 일정,2026-08-22 06:35:31,2026-08-22 18:50:03,,False
Q00134,S0093,계약,계약 절차,2026-08-24 05:51:17,2026-08-24 14:01:17,2026-08-24 20:40:36,False
Q00135,S0175,서류 확인,서류 보완,2026-08-22 00:50:35,2026-08-22 22:19:16,2026-08-23 16:22:26,False
Q00136,S0175,계약,담당자 확인,2026-08-25 01:07:09,2026-08-25 13:16:47,2026-08-25 15:19:02,False
Q00137,S0175,상품 등록,담당자 확인,2026-08-26 07:54:06,2026-08-26 23:08:57,2026-08-27 13:18:05,True
Q00138,S0075,서류 확인,서류 보완,2026-08-22 07:10:00,2026-08-23 01:11:57,2026-08-23 02:11:57,False
Q00139,S0075,계약,정산 정보,2026-08-24 04:34:21,2026-08-24 09:08:23,2026-08-24 18:51:12,False
Q00140,S0079,서류 확인,검토 일정,2026-08-22 01:28:54,2026-08-22 09:01:38,2026-08-22 18:29:23,False
Q00141,S0079,계약,계약 절차,2026-08-24 18:24:20,2026-08-24 19:14:54,2026-08-25 12:41:05,False
Q00142,S0102,서류 확인,서류 보완,2026-08-21 16:23:32,2026-08-22 18:20:55,2026-08-23 07:10:17,False
Q00143,S0102,계약,담당자 확인,2026-08-24 23:00:46,2026-08-25 10:59:39,2026-08-26 04:10:32,False
Q00144,S0102,상품 등록,담당자 확인,2026-08-25 18:27:12,2026-08-26 05:53:39,2026-08-27 04:19:54,True
Q00145,S0074,서류 확인,검토 일정,2026-08-22 22:42:29,2026-08-22 23:06:29,2026-08-23 17:07:46,False
Q00146,S0074,계약,검토 일정,2026-08-26 02:34:16,2026-08-26 09:30:54,2026-08-26 19:41:10,False
Q00147,S0074,상품 등록,이미지 규격,2026-08-26 23:37:26,2026-08-27 12:07:32,2026-08-27 13:07:32,False
Q00148,S0138,서류 확인,검토 일정,2026-08-22 23:49:16,2026-08-23 14:35:20,2026-08-23 21:13:51,False
Q00149,S0138,계약,담당자 확인,2026-08-25 15:49:01,2026-08-26 07:09:58,,False
Q00150,S0138,상품 등록,이미지 규격,2026-08-27 10:13:01,2026-08-28 01:05:46,2026-08-28 08:05:48,False
Q00151,S0138,판매 준비 완료,이미지 규격,2026-08-30 04:13:22,2026-08-30 08:13:10,2026-08-31 01:00:16,True
Q00152,S0103,서류 확인,검토 일정,2026-08-23 12:08:00,2026-08-23 17:52:09,2026-08-24 12:25:06,False
Q00153,S0115,서류 확인,서류 보완,2026-08-24 13:44:22,2026-08-25 08:53:43,2026-08-25 18:01:26,False
Q00154,S0115,계약,서류 보완,2026-08-26 14:35:17,2026-08-27 06:44:04,2026-08-28 00:00:30,True
Q00155,S0115,상품 등록,상품 등록,2026-08-28 12:39:51,2026-08-28 13:39:07,2026-08-29 06:17:22,False
Q00156,S0115,판매 준비 완료,상품 등록,2026-08-30 11:24:49,2026-08-31 08:09:24,2026-08-31 22:55:31,True
Q00157,S0128,서류 확인,사업자 정보,2026-08-24 13:31:20,2026-08-25 00:05:58,2026-08-25 17:12:51,False
Q00158,S0004,서류 확인,서류 보완,2026-08-24 20:13:22,2026-08-25 12:33:33,2026-08-26 14:01:23,False
Q00159,S0004,계약,계약 절차,2026-08-26 08:51:35,2026-08-27 02:51:36,2026-08-27 14:59:27,False
Q00160,S0096,서류 확인,검토 일정,2026-08-26 02:52:27,2026-08-26 12:11:09,2026-08-27 12:13:17,False
Q00161,S0096,계약,담당자 확인,2026-08-27 19:32:26,2026-08-27 23:58:09,2026-08-28 13:41:54,False
Q00162,S0096,상품 등록,이미지 규격,2026-08-29 15:09:19,2026-08-29 18:19:36,2026-08-29 19:19:36,False
Q00163,S0096,판매 준비 완료,이미지 규격,2026-09-02 01:31:31,2026-09-02 21:17:34,2026-09-03 10:23:57,False
Q00164,S0096,판매 준비 완료,마케팅 지원,2026-09-02 19:01:10,2026-09-03 02:43:31,2026-09-03 07:36:18,False
Q00165,S0164,서류 확인,검토 일정,2026-08-25 09:12:02,2026-08-25 14:10:07,2026-08-26 05:51:51,False
Q00166,S0164,계약,담당자 확인,2026-08-27 14:56:27,2026-08-27 21:33:33,2026-08-27 22:33:33,False
Q00167,S0164,상품 등록,카테고리 설정,2026-08-29 09:30:32,2026-08-30 01:45:09,2026-08-30 16:53:43,False
Q00168,S0164,판매 준비 완료,카테고리 설정,2026-08-31 00:06:12,2026-08-31 09:59:16,2026-08-31 16:59:54,True
Q00169,S0153,서류 확인,서류 보완,2026-08-24 16:24:29,2026-08-25 10:01:51,2026-08-26 02:14:56,False
Q00170,S0153,계약,계약 절차,2026-08-27 11:57:33,2026-08-28 01:39:09,2026-08-28 09:46:39,False
Q00171,S0153,상품 등록,상품 등록,2026-08-30 05:16:00,2026-08-30 21:03:11,2026-08-31 01:02:10,False
Q00172,S0153,판매 준비 완료,오픈 일정,2026-09-02 21:22:24,2026-09-03 07:13:59,2026-09-03 20:14:57,False
Q00173,S0153,판매 준비 완료,오픈 일정,2026-09-02 22:16:16,2026-09-03 16:58:24,2026-09-04 14:09:56,True
Q00174,S0002,서류 확인,사업자 정보,2026-08-26 03:24:23,2026-08-26 17:35:04,2026-08-27 03:11:19,False
Q00175,S0180,서류 확인,서류 보완,2026-08-26 01:17:20,2026-08-26 19:29:59,2026-08-27 06:13:18,False
Q00176,S0180,계약,계약 절차,2026-08-28 07:24:26,2026-08-28 18:31:08,2026-08-29 04:08:09,False
Q00177,S0180,상품 등록,상품 등록,2026-08-29 21:55:47,2026-08-30 15:18:45,2026-08-31 03:10:34,False
Q00178,S0027,서류 확인,사업자 정보,2026-08-26 14:56:47,2026-08-26 23:00:53,2026-08-27 12:24:21,False
Q00179,S0027,계약,담당자 확인,2026-08-27 10:34:39,2026-08-28 00:19:44,2026-08-28 16:55:45,False
Q00180,S0027,상품 등록,상품 등록,2026-08-29 05:22:29,2026-08-29 13:47:42,2026-08-29 23:18:55,False
Q00181,S0192,서류 확인,검토 일정,2026-08-26 11:38:52,2026-08-26 20:22:37,2026-08-26 22:39:15,False
Q00182,S0192,계약,정산 정보,2026-08-27 13:25:27,2026-08-27 23:42:10,2026-08-28 14:16:10,False
Q00183,S0192,상품 등록,상품 등록,2026-08-29 12:25:19,2026-08-30 10:57:37,2026-08-30 22:52:49,False
Q00184,S0106,서류 확인,서류 보완,2026-08-26 11:01:12,2026-08-27 02:20:59,2026-08-27 11:03:30,False
Q00185,S0106,계약,서류 보완,2026-08-28 03:13:17,2026-08-28 13:59:20,2026-08-28 19:55:18,True
Q00186,S0106,상품 등록,카테고리 설정,2026-08-29 11:22:52,2026-08-30 00:36:23,2026-08-30 17:50:54,False
Q00187,S0230,서류 확인,서류 보완,2026-08-27 13:38:09,2026-08-28 02:23:05,2026-08-28 07:38:59,False
Q00188,S0230,계약,담당자 확인,2026-08-29 10:50:38,2026-08-29 22:08:22,2026-08-30 05:27:23,False
Q00189,S0230,상품 등록,카테고리 설정,2026-08-31 00:21:40,2026-08-31 16:10:45,2026-08-31 23:32:30,False
Q00190,S0230,판매 준비 완료,오픈 일정,2026-09-02 06:54:39,2026-09-02 16:24:58,2026-09-03 01:57:53,False
Q00191,S0126,서류 확인,검토 일정,2026-08-26 19:45:53,2026-08-27 02:21:53,2026-08-27 03:21:53,False
Q00192,S0126,계약,정산 정보,2026-08-28 13:58:18,2026-08-29 02:15:15,2026-08-29 08:29:54,False
Q00193,S0126,상품 등록,상품 등록,2026-08-30 17:10:09,2026-08-31 09:38:53,2026-09-01 00:58:17,False
Q00194,S0028,서류 확인,사업자 정보,2026-08-26 22:20:50,2026-08-27 00:52:23,2026-08-27 11:01:11,False
Q00195,S0028,계약,계약 절차,2026-08-29 19:23:33,2026-08-30 02:32:07,2026-08-30 16:16:08,False
Q00196,S0028,상품 등록,상품 등록,2026-08-30 16:14:26,2026-08-31 07:18:10,2026-08-31 08:18:10,False
Q00197,S0028,판매 준비 완료,오픈 일정,2026-09-02 20:41:40,2026-09-03 04:38:55,2026-09-03 10:52:17,False
Q00198,S0077,서류 확인,서류 보완,2026-08-27 03:49:41,2026-08-27 23:10:24,2026-08-28 06:17:47,False
Q00199,S0077,계약,계약 절차,2026-08-28 21:35:01,2026-08-29 00:37:08,2026-08-29 22:06:04,False
Q00200,S0077,상품 등록,카테고리 설정,2026-08-30 07:19:44,2026-08-30 17:56:03,2026-08-31 05:24:50,False
Q00201,S0161,서류 확인,검토 일정,2026-08-27 03:05:49,2026-08-27 08:22:13,2026-08-28 05:26:18,False
Q00202,S0161,계약,검토 일정,2026-08-29 06:58:27,2026-08-29 19:48:06,2026-08-30 00:18:30,True
Q00203,S0161,상품 등록,검토 일정,2026-08-30 16:47:18,2026-08-31 00:56:37,2026-08-31 15:36:45,True
Q00204,S0214,서류 확인,서류 보완,2026-08-28 04:21:31,2026-08-28 18:55:49,2026-08-28 19:55:49,False
Q00205,S0214,계약,계약 절차,2026-08-29 19:57:29,2026-08-30 04:58:51,2026-08-30 17:23:01,False
Q00206,S0214,상품 등록,계약 절차,2026-08-30 08:50:23,2026-08-30 13:57:49,2026-08-30 14:57:49,True
Q00207,S0061,서류 확인,서류 보완,2026-08-28 09:30:59,2026-08-29 02:52:37,2026-08-29 05:37:49,False
Q00208,S0061,계약,계약 절차,2026-08-30 04:10:35,2026-08-30 13:48:41,2026-08-31 05:01:25,False
Q00209,S0061,상품 등록,이미지 규격,2026-08-31 18:07:50,2026-09-01 00:48:24,2026-09-01 18:44:11,False
Q00210,S0061,판매 준비 완료,마케팅 지원,2026-09-03 13:48:31,2026-09-03 20:01:54,2026-09-04 08:38:47,False
Q00211,S0130,서류 확인,서류 보완,2026-08-28 16:54:19,2026-08-29 16:27:35,2026-08-29 20:57:31,False
Q00212,S0199,서류 확인,검토 일정,2026-08-29 11:57:40,2026-08-29 17:24:46,2026-08-30 04:57:46,False
Q00213,S0199,계약,정산 정보,2026-08-30 15:01:29,2026-08-31 06:38:46,2026-08-31 20:29:42,False
Q00214,S0060,서류 확인,검토 일정,2026-08-29 13:39:35,2026-08-30 04:18:51,2026-08-30 12:51:26,False
Q00215,S0060,계약,검토 일정,2026-08-31 10:27:31,2026-09-01 01:43:53,2026-09-01 03:36:16,True
Q00216,S0221,서류 확인,검토 일정,2026-08-29 09:00:17,2026-08-30 01:23:43,2026-08-31 06:13:12,False
Q00217,S0221,계약,정산 정보,2026-08-30 12:14:43,2026-08-30 12:38:43,2026-08-31 15:59:57,False
Q00218,S0045,서류 확인,서류 보완,2026-08-30 13:41:41,2026-08-31 02:47:31,2026-08-31 03:47:31,False
Q00219,S0045,계약,정산 정보,2026-09-02 04:02:08,2026-09-02 11:19:51,2026-09-03 02:07:41,False
Q00220,S0045,상품 등록,이미지 규격,2026-09-04 12:47:45,2026-09-05 00:39:29,2026-09-05 18:43:11,False
Q00221,S0181,서류 확인,서류 보완,2026-08-30 17:24:15,2026-08-31 13:41:12,2026-08-31 19:41:38,False
Q00222,S0229,서류 확인,검토 일정,2026-08-30 10:39:10,2026-08-30 11:03:10,2026-08-30 16:56:32,False
Q00223,S0020,서류 확인,검토 일정,2026-08-30 07:56:27,2026-08-30 08:20:27,2026-08-30 10:33:27,False
Q00224,S0020,서류 확인,서류 보완,2026-08-30 22:53:21,2026-08-31 08:23:02,2026-08-31 21:38:15,False
Q00225,S0020,서류 확인,서류 보완,2026-08-31 09:42:22,2026-09-01 07:42:12,2026-09-01 08:42:12,True
Q00226,S0162,서류 확인,서류 보완,2026-08-31 02:31:01,2026-08-31 11:11:40,2026-08-31 18:20:50,False
Q00227,S0162,계약,정산 정보,2026-09-02 17:48:24,2026-09-03 05:47:06,2026-09-04 02:31:45,False
Q00228,S0162,상품 등록,상품 등록,2026-09-04 19:09:14,2026-09-05 13:44:06,,False
Q00229,S0189,서류 확인,검토 일정,2026-08-31 11:15:35,2026-09-01 03:07:11,2026-09-01 17:05:47,False
Q00230,S0134,서류 확인,사업자 정보,2026-08-31 04:26:05,2026-09-01 00:25:43,2026-09-01 13:03:57,False
Q00231,S0134,계약,담당자 확인,2026-09-01 07:38:49,2026-09-01 20:27:47,2026-09-02 07:19:54,False
Q00232,S0049,서류 확인,검토 일정,2026-08-31 13:35:40,2026-08-31 21:12:49,,False
Q00233,S0049,계약,검토 일정,2026-09-01 20:50:14,2026-09-02 11:32:08,,True
Q00234,S0135,서류 확인,서류 보완,2026-08-31 08:48:52,2026-09-01 07:07:04,2026-09-01 18:02:36,False
Q00235,S0101,서류 확인,사업자 정보,2026-08-31 20:35:47,2026-09-01 03:59:12,2026-09-01 13:41:28,False
Q00236,S0101,계약,담당자 확인,2026-09-02 09:05:05,2026-09-02 21:12:33,2026-09-03 14:23:38,False
Q00237,S0146,서류 확인,서류 보완,2026-08-31 11:00:00,2026-08-31 23:42:02,2026-09-01 11:13:22,False
Q00238,S0146,계약,계약 절차,2026-09-02 20:18:07,2026-09-03 11:33:44,2026-09-03 23:39:48,False
Q00239,S0155,서류 확인,사업자 정보,2026-09-01 09:08:54,2026-09-01 09:36:27,2026-09-01 13:48:47,False
Q00240,S0155,계약,정산 정보,2026-09-02 18:51:01,2026-09-03 08:33:19,2026-09-03 19:08:15,False
Q00241,S0109,서류 확인,검토 일정,2026-09-02 01:26:25,2026-09-02 08:49:47,2026-09-02 19:08:57,False
Q00242,S0154,서류 확인,검토 일정,2026-09-02 01:15:38,2026-09-02 09:13:03,2026-09-03 04:07:40,False
Q00243,S0154,계약,검토 일정,2026-09-03 22:09:22,2026-09-04 02:39:01,2026-09-05 02:56:54,True
Q00244,S0154,상품 등록,카테고리 설정,2026-09-06 00:04:36,2026-09-06 11:58:36,2026-09-06 12:58:36,False
Q00245,S0154,판매 준비 완료,마케팅 지원,2026-09-09 00:44:42,2026-09-09 15:38:12,2026-09-10 05:52:51,False
Q00246,S0154,판매 준비 완료,마케팅 지원,2026-09-09 09:10:51,2026-09-09 21:10:00,2026-09-10 15:19:05,False
Q00247,S0226,서류 확인,검토 일정,2026-09-02 11:47:36,2026-09-02 12:27:32,2026-09-02 23:26:53,False
Q00248,S0226,계약,계약 절차,2026-09-03 12:54:59,2026-09-04 04:19:09,2026-09-04 16:45:18,False
Q00249,S0226,상품 등록,상품 등록,2026-09-05 02:58:21,2026-09-06 07:50:13,2026-09-07 00:13:39,False
Q00250,S0200,서류 확인,서류 보완,2026-09-02 00:18:53,2026-09-02 10:50:13,2026-09-02 15:34:08,False
Q00251,S0233,서류 확인,사업자 정보,2026-09-02 16:41:27,2026-09-02 23:52:03,2026-09-03 03:03:20,False
Q00252,S0233,계약,정산 정보,2026-09-04 14:08:26,2026-09-04 22:11:22,2026-09-05 11:22:42,False
Q00253,S0233,상품 등록,카테고리 설정,2026-09-06 12:52:04,2026-09-06 22:01:05,2026-09-07 13:23:52,False
Q00254,S0149,서류 확인,사업자 정보,2026-09-02 07:17:06,2026-09-02 15:31:38,2026-09-02 16:31:38,False
Q00255,S0149,계약,사업자 정보,2026-09-05 18:05:03,2026-09-05 18:29:03,2026-09-06 15:14:45,False
Q00256,S0149,상품 등록,사업자 정보,2026-09-07 13:18:15,2026-09-07 19:23:40,2026-09-08 09:19:12,True
Q00257,S0149,판매 준비 완료,운영 가이드,2026-09-10 15:09:20,2026-09-11 02:14:07,,False
Q00258,S0204,서류 확인,검토 일정,2026-09-02 16:23:57,2026-09-03 01:55:08,2026-09-03 02:55:08,False
Q00259,S0206,서류 확인,사업자 정보,2026-09-03 05:23:56,2026-09-03 07:08:20,2026-09-03 21:23:18,False
Q00260,S0076,서류 확인,사업자 정보,2026-09-04 19:49:00,2026-09-04 20:13:00,2026-09-05 09:45:02,False
Q00261,S0117,서류 확인,검토 일정,2026-09-04 17:49:26,2026-09-04 22:44:07,2026-09-05 22:42:49,False
Q00262,S0117,계약,계약 절차,2026-09-07 05:51:40,2026-09-07 13:28:02,2026-09-07 21:50:17,False
Q00263,S0213,서류 확인,서류 보완,2026-09-05 05:46:47,2026-09-05 23:09:28,2026-09-06 07:54:26,False
Q00264,S0213,계약,담당자 확인,2026-09-07 06:48:18,2026-09-07 17:24:08,2026-09-07 18:24:08,False
Q00265,S0056,서류 확인,서류 보완,2026-09-05 05:14:25,2026-09-06 03:18:21,2026-09-06 10:41:49,False
Q00266,S0056,계약,담당자 확인,2026-09-07 00:28:27,2026-09-07 06:07:19,2026-09-07 11:19:56,False
Q00267,S0220,서류 확인,검토 일정,2026-09-04 21:46:08,2026-09-05 02:53:45,2026-09-05 13:43:58,False
Q00268,S0220,계약,검토 일정,2026-09-08 05:25:16,2026-09-08 12:02:14,2026-09-08 21:35:14,False
Q00269,S0182,서류 확인,사업자 정보,2026-09-05 19:49:37,2026-09-06 02:25:05,2026-09-06 20:16:20,False
Q00270,S0033,서류 확인,사업자 정보,2026-09-06 00:23:04,2026-09-06 07:43:11,2026-09-07 12:08:26,False
Q00271,S0033,계약,정산 정보,2026-09-08 01:15:09,2026-09-08 18:59:30,2026-09-09 02:18:59,False
Q00272,S0033,상품 등록,상품 등록,2026-09-08 21:30:17,2026-09-09 19:55:49,2026-09-10 06:05:00,False
Q00273,S0141,서류 확인,서류 보완,2026-09-07 00:38:53,2026-09-07 15:04:23,2026-09-07 19:27:37,False
Q00274,S0016,서류 확인,검토 일정,2026-09-06 20:39:51,2026-09-07 01:00:46,2026-09-07 16:25:42,False
Q00275,S0016,계약,계약 절차,2026-09-09 03:30:27,2026-09-09 16:50:54,2026-09-10 07:29:33,False
Q00276,S0016,상품 등록,계약 절차,2026-09-10 10:36:17,2026-09-11 03:19:54,2026-09-11 17:10:14,True
Q00277,S0016,판매 준비 완료,계약 절차,2026-09-12 13:53:31,2026-09-12 18:12:13,2026-09-13 05:13:07,True
Q00278,S0238,서류 확인,서류 보완,2026-09-07 10:18:11,2026-09-08 01:37:32,2026-09-08 05:01:53,False
Q00279,S0238,서류 확인,검토 일정,2026-09-07 12:58:28,2026-09-08 05:52:21,2026-09-08 18:36:51,False
Q00280,S0238,서류 확인,사업자 정보,2026-09-08 03:16:47,2026-09-08 20:08:07,2026-09-09 16:21:10,False
Q00281,S0238,서류 확인,사업자 정보,2026-09-08 10:31:10,2026-09-08 20:51:42,2026-09-09 20:38:46,True
Q00282,S0238,서류 확인,검토 일정,2026-09-09 06:09:05,2026-09-09 18:52:12,2026-09-10 00:34:13,False
Q00283,S0238,서류 확인,검토 일정,2026-09-10 08:29:58,2026-09-10 18:00:06,2026-09-11 03:28:11,True
Q00284,S0099,서류 확인,서류 보완,2026-09-06 22:30:32,2026-09-07 22:21:19,2026-09-08 02:49:15,False
Q00285,S0099,계약,서류 보완,2026-09-08 21:41:30,2026-09-09 09:53:19,2026-09-09 18:52:11,True
Q00286,S0099,상품 등록,상품 등록,2026-09-11 10:49:16,2026-09-12 04:20:43,2026-09-13 02:08:17,False
Q00287,S0193,서류 확인,검토 일정,2026-09-07 02:39:12,2026-09-07 08:42:57,2026-09-07 14:58:06,False
Q00288,S0193,계약,담당자 확인,2026-09-09 10:35:07,2026-09-09 18:15:39,2026-09-09 22:14:28,False
Q00289,S0193,상품 등록,상품 등록,2026-09-11 08:09:48,2026-09-11 18:24:58,2026-09-11 19:24:58,False
Q00290,S0193,판매 준비 완료,오픈 일정,2026-09-13 03:40:35,2026-09-13 17:18:32,2026-09-13 21:30:05,False
Q00291,S0193,판매 준비 완료,오픈 일정,2026-09-14 16:55:39,2026-09-15 08:46:36,2026-09-15 09:46:36,False
Q00292,S0014,서류 확인,검토 일정,2026-09-07 22:23:21,2026-09-08 13:57:36,2026-09-09 07:03:30,False
Q00293,S0014,계약,검토 일정,2026-09-11 02:35:14,2026-09-11 15:31:34,2026-09-12 08:49:11,False
Q00294,S0014,상품 등록,이미지 규격,2026-09-12 15:11:53,2026-09-13 09:59:36,2026-09-13 20:29:27,False
Q00295,S0163,서류 확인,사업자 정보,2026-09-08 05:36:44,2026-09-08 17:31:48,2026-09-09 18:16:32,False
Q00296,S0163,계약,사업자 정보,2026-09-09 23:23:46,2026-09-10 16:22:52,2026-09-11 04:46:39,True
Q00297,S0163,상품 등록,사업자 정보,2026-09-12 04:39:51,2026-09-12 17:16:43,2026-09-12 23:41:19,True
Q00298,S0053,서류 확인,서류 보완,2026-09-10 00:41:43,2026-09-10 17:40:16,2026-09-11 03:24:05,False
Q00299,S0053,계약,서류 보완,2026-09-11 21:21:36,2026-09-12 12:09:35,2026-09-13 06:38:08,True
Q00300,S0227,서류 확인,서류 보완,2026-09-10 12:54:44,2026-09-11 02:29:51,2026-09-12 01:56:32,False
Q00301,S0227,계약,계약 절차,2026-09-12 10:51:34,2026-09-13 05:07:28,2026-09-13 14:15:52,False
Q00302,S0227,상품 등록,상품 등록,2026-09-14 12:38:42,2026-09-15 03:36:24,2026-09-15 08:21:35,False
Q00303,S0112,서류 확인,사업자 정보,2026-09-10 10:20:53,2026-09-10 10:44:53,2026-09-10 13:21:44,False
Q00304,S0112,계약,담당자 확인,2026-09-12 14:43:43,2026-09-12 16:40:30,2026-09-13 00:30:44,False
Q00305,S0112,상품 등록,담당자 확인,2026-09-14 11:27:08,2026-09-14 19:36:29,2026-09-15 07:43:26,True
Q00306,S0112,판매 준비 완료,오픈 일정,2026-09-19 05:41:47,2026-09-19 09:17:28,2026-09-20 03:01:43,False
Q00307,S0112,판매 준비 완료,오픈 일정,2026-09-19 23:30:04,2026-09-20 17:26:52,2026-09-21 09:52:25,True
Q00308,S0067,서류 확인,서류 보완,2026-09-10 04:25:20,2026-09-10 18:43:43,2026-09-11 13:46:26,False
Q00309,S0067,계약,담당자 확인,2026-09-11 22:35:39,2026-09-12 06:09:05,2026-09-12 18:42:48,False
Q00310,S0067,상품 등록,카테고리 설정,2026-09-13 09:15:16,2026-09-13 17:23:20,,False
Q00311,S0067,판매 준비 완료,카테고리 설정,2026-09-16 16:23:11,2026-09-17 05:54:14,2026-09-17 14:50:52,False
Q00312,S0070,서류 확인,서류 보완,2026-09-11 14:23:45,2026-09-12 06:43:28,2026-09-12 15:03:29,False
Q00313,S0070,계약,서류 보완,2026-09-14 08:27:18,2026-09-15 05:12:41,2026-09-16 02:33:04,True
Q00314,S0070,상품 등록,이미지 규격,2026-09-15 03:20:41,2026-09-15 17:30:06,2026-09-16 17:32:22,False
Q00315,S0070,판매 준비 완료,마케팅 지원,2026-09-17 10:11:14,2026-09-17 15:13:21,2026-09-17 19:28:23,False
Q00316,S0001,서류 확인,사업자 정보,2026-09-11 15:44:40,2026-09-12 01:09:54,2026-09-12 12:05:19,False
Q00317,S0001,계약,정산 정보,2026-09-13 23:12:29,2026-09-14 11:10:53,2026-09-15 14:35:32,False
Q00318,S0203,서류 확인,검토 일정,2026-09-11 20:06:31,2026-09-12 08:04:15,,False
Q00319,S0203,계약,검토 일정,2026-09-14 13:57:58,2026-09-15 04:57:29,2026-09-15 20:31:18,True
Q00320,S0203,상품 등록,카테고리 설정,2026-09-15 17:36:49,2026-09-16 05:28:45,2026-09-16 14:03:08,False
Q00321,S0203,판매 준비 완료,카테고리 설정,2026-09-18 19:26:58,2026-09-19 05:36:52,2026-09-20 01:07:52,False
Q00322,S0140,서류 확인,서류 보완,2026-09-12 08:26:38,2026-09-13 02:20:32,2026-09-13 17:27:19,False
Q00323,S0015,서류 확인,사업자 정보,2026-09-12 05:22:45,2026-09-12 10:00:29,2026-09-12 18:16:01,False
Q00324,S0015,계약,계약 절차,2026-09-14 07:07:26,2026-09-14 23:25:29,2026-09-15 12:48:08,False
Q00325,S0015,상품 등록,카테고리 설정,2026-09-15 09:56:38,2026-09-16 06:54:56,2026-09-16 21:43:01,False
Q00326,S0143,서류 확인,사업자 정보,2026-09-12 21:57:54,2026-09-13 11:34:45,2026-09-14 07:09:26,False
Q00327,S0054,서류 확인,사업자 정보,2026-09-14 11:54:21,2026-09-14 18:41:18,2026-09-15 03:09:59,False
Q00328,S0032,서류 확인,검토 일정,2026-09-14 05:34:03,2026-09-14 15:47:54,2026-09-15 00:02:05,False
Q00329,S0021,서류 확인,검토 일정,2026-09-14 02:59:04,2026-09-14 14:41:32,2026-09-14 17:54:25,False
Q00330,S0113,서류 확인,서류 보완,2026-09-15 10:07:42,2026-09-16 05:38:07,2026-09-16 14:31:50,False
Q00331,S0113,계약,서류 보완,2026-09-16 11:05:52,2026-09-17 04:42:26,2026-09-17 06:02:31,True
Q00332,S0113,상품 등록,서류 보완,2026-09-18 18:57:41,2026-09-19 16:43:17,2026-09-20 14:25:58,True
Q00333,S0122,서류 확인,서류 보완,2026-09-15 02:53:22,2026-09-15 21:52:42,2026-09-16 09:23:33,False
Q00334,S0122,계약,서류 보완,2026-09-16 14:23:42,2026-09-17 00:49:05,2026-09-18 03:30:54,True
Q00335,S0050,서류 확인,검토 일정,2026-09-15 01:27:29,2026-09-15 12:56:28,2026-09-16 04:44:09,False
Q00336,S0050,계약,정산 정보,2026-09-16 08:51:37,2026-09-16 15:29:21,2026-09-16 23:47:28,False
Q00337,S0050,상품 등록,상품 등록,2026-09-17 13:13:14,2026-09-17 22:29:38,2026-09-18 05:24:38,False
Q00338,S0025,서류 확인,서류 보완,2026-09-15 00:25:25,2026-09-15 17:39:36,2026-09-16 06:19:05,False
Q00339,S0025,계약,담당자 확인,2026-09-17 06:25:00,2026-09-17 22:54:59,2026-09-18 16:00:35,False
Q00340,S0025,상품 등록,이미지 규격,2026-09-19 17:35:22,2026-09-20 02:59:44,2026-09-20 18:04:42,False
Q00341,S0025,판매 준비 완료,마케팅 지원,2026-09-23 08:09:41,2026-09-23 21:43:27,,False
Q00342,S0025,판매 준비 완료,마케팅 지원,2026-09-24 08:45:22,2026-09-24 19:51:57,2026-09-25 16:41:28,True
Q00343,S0081,서류 확인,검토 일정,2026-09-14 20:47:35,2026-09-15 06:12:44,2026-09-15 10:50:37,False
Q00344,S0081,계약,담당자 확인,2026-09-17 03:25:40,2026-09-17 19:43:47,2026-09-18 05:39:33,False
Q00345,S0081,상품 등록,담당자 확인,2026-09-19 09:13:29,2026-09-19 13:34:35,2026-09-20 10:25:30,True
Q00346,S0081,판매 준비 완료,마케팅 지원,2026-09-21 19:34:49,2026-09-22 07:00:58,2026-09-22 21:06:15,False
Q00347,S0118,서류 확인,사업자 정보,2026-09-14 18:00:19,2026-09-15 03:59:58,2026-09-15 11:25:12,False
Q00348,S0118,계약,사업자 정보,2026-09-17 18:01:23,2026-09-18 07:42:53,,False
Q00349,S0118,상품 등록,사업자 정보,2026-09-19 14:30:02,2026-09-19 22:41:26,2026-09-20 12:52:16,True
Q00350,S0191,서류 확인,사업자 정보,2026-09-14 23:37:35,2026-09-15 15:06:57,2026-09-16 00:12:52,False
Q00351,S0191,계약,사업자 정보,2026-09-17 14:04:04,2026-09-18 05:36:43,2026-09-18 18:10:41,True
Q00352,S0191,상품 등록,상품 등록,2026-09-18 20:23:11,2026-09-19 10:31:16,2026-09-19 17:43:57,False
Q00353,S0191,판매 준비 완료,오픈 일정,2026-09-21 17:04:44,2026-09-21 22:53:57,2026-09-22 12:35:45,False
Q00354,S0191,판매 준비 완료,마케팅 지원,2026-09-22 08:50:11,2026-09-22 11:53:11,2026-09-23 09:57:00,False
Q00355,S0240,서류 확인,사업자 정보,2026-09-16 07:12:06,2026-09-16 17:56:39,2026-09-17 09:06:56,False
Q00356,S0145,서류 확인,서류 보완,2026-09-16 07:38:31,2026-09-17 00:00:35,2026-09-17 03:15:33,False
Q00357,S0145,계약,정산 정보,2026-09-18 18:06:34,2026-09-19 07:03:01,2026-09-19 16:33:26,False
Q00358,S0145,상품 등록,이미지 규격,2026-09-20 14:29:11,2026-09-21 04:23:19,2026-09-21 11:43:16,False
Q00359,S0145,판매 준비 완료,운영 가이드,2026-09-23 17:57:34,2026-09-24 07:02:00,2026-09-24 19:39:24,False
Q00360,S0145,판매 준비 완료,운영 가이드,2026-09-24 06:57:34,2026-09-24 21:33:38,2026-09-26 07:13:39,True
Q00361,S0092,서류 확인,서류 보완,2026-09-16 04:31:42,2026-09-17 00:11:51,2026-09-17 08:14:42,False
Q00362,S0092,계약,정산 정보,2026-09-18 08:34:17,2026-09-18 14:12:53,2026-09-19 00:37:01,False
Q00363,S0092,상품 등록,상품 등록,2026-09-19 13:05:06,2026-09-20 01:43:09,2026-09-20 10:47:04,False
Q00364,S0152,서류 확인,사업자 정보,2026-09-16 18:23:15,2026-09-17 00:50:54,2026-09-17 10:18:42,False
Q00365,S0152,계약,담당자 확인,2026-09-18 14:11:46,2026-09-19 03:58:45,2026-09-19 06:04:37,False
Q00366,S0152,상품 등록,상품 등록,2026-09-20 06:08:16,2026-09-20 19:32:59,2026-09-21 22:36:23,False
Q00367,S0095,서류 확인,검토 일정,2026-09-16 12:00:00,2026-09-16 22:08:15,2026-09-17 05:21:34,False
Q00368,S0095,계약,계약 절차,2026-09-20 06:54:48,2026-09-20 18:44:14,2026-09-21 02:36:52,False
Q00369,S0095,상품 등록,카테고리 설정,2026-09-21 17:54:14,2026-09-22 05:24:08,2026-09-22 10:43:29,False
Q00370,S0003,서류 확인,검토 일정,2026-09-17 09:57:29,2026-09-18 03:13:53,2026-09-18 14:34:20,False
Q00371,S0003,계약,담당자 확인,2026-09-19 09:48:39,2026-09-19 23:13:15,2026-09-20 18:05:09,False
Q00372,S0110,서류 확인,서류 보완,2026-09-17 19:51:45,2026-09-18 05:09:35,2026-09-18 09:16:01,False
Q00373,S0110,계약,서류 보완,2026-09-20 11:07:04,2026-09-20 23:01:56,,True
Q00374,S0013,서류 확인,서류 보완,2026-09-18 13:28:13,2026-09-19 09:16:10,2026-09-19 23:53:22,False
Q00375,S0084,서류 확인,검토 일정,2026-09-18 11:23:51,2026-09-19 00:23:44,2026-09-19 02:58:39,False
Q00376,S0084,계약,계약 절차,2026-09-20 06:54:52,2026-09-20 15:18:09,2026-09-21 04:57:59,False
Q00377,S0084,상품 등록,상품 등록,2026-09-22 14:54:36,2026-09-23 00:01:48,2026-09-24 00:39:13,False
Q00378,S0100,서류 확인,검토 일정,2026-09-18 09:19:32,2026-09-18 15:23:54,2026-09-19 13:57:31,False
Q00379,S0100,계약,계약 절차,2026-09-20 04:43:35,2026-09-20 12:14:13,2026-09-21 10:36:57,False
Q00380,S0100,계약,담당자 확인,2026-09-20 11:45:47,2026-09-20 22:16:40,2026-09-21 10:41:15,False
Q00381,S0179,서류 확인,서류 보완,2026-09-18 03:41:13,2026-09-18 18:41:11,2026-09-19 19:07:43,False
Q00382,S0234,서류 확인,검토 일정,2026-09-18 00:40:28,2026-09-18 11:20:31,2026-09-18 17:06:21,False
Q00383,S0098,서류 확인,사업자 정보,2026-09-18 00:31:20,2026-09-18 08:13:31,2026-09-18 23:53:41,False
Q00384,S0082,서류 확인,서류 보완,2026-09-19 01:00:36,2026-09-19 09:11:15,2026-09-19 21:30:49,False
Q00385,S0082,계약,담당자 확인,2026-09-20 10:55:30,2026-09-20 17:41:03,2026-09-21 13:01:30,False
Q00386,S0082,상품 등록,담당자 확인,2026-09-22 10:24:25,2026-09-22 19:58:16,2026-09-23 05:50:02,True
Q00387,S0058,서류 확인,사업자 정보,2026-09-19 13:08:49,2026-09-19 21:59:07,2026-09-20 23:02:25,False
Q00388,S0058,계약,계약 절차,2026-09-21 02:02:21,2026-09-21 08:58:11,2026-09-21 22:07:00,False
Q00389,S0111,서류 확인,서류 보완,2026-09-20 05:53:10,2026-09-20 19:41:35,2026-09-21 12:52:53,False
Q00390,S0111,계약,계약 절차,2026-09-20 20:45:10,2026-09-21 15:04:51,2026-09-22 00:26:14,False
Q00391,S0111,상품 등록,이미지 규격,2026-09-22 19:22:48,2026-09-23 02:52:51,2026-09-23 07:50:47,False
Q00392,S0111,판매 준비 완료,이미지 규격,2026-09-26 12:31:20,2026-09-26 18:59:02,2026-09-27 02:01:51,False
Q00393,S0119,서류 확인,검토 일정,2026-09-20 06:20:56,2026-09-20 11:33:39,2026-09-20 20:34:22,False
Q00394,S0119,계약,검토 일정,2026-09-21 21:27:04,2026-09-22 08:06:45,2026-09-22 16:11:51,True
Q00395,S0119,상품 등록,이미지 규격,2026-09-23 10:45:10,2026-09-23 18:45:39,2026-09-24 02:44:56,False
Q00396,S0210,서류 확인,사업자 정보,2026-09-20 10:28:16,2026-09-20 17:00:09,2026-09-21 07:29:13,False
Q00397,S0159,서류 확인,서류 보완,2026-09-19 23:26:45,2026-09-20 15:24:21,2026-09-21 12:39:18,False
Q00398,S0019,서류 확인,검토 일정,2026-09-21 02:38:32,2026-09-21 03:02:32,2026-09-21 04:02:32,False
Q00399,S0019,계약,담당자 확인,2026-09-22 23:37:52,2026-09-23 17:02:11,2026-09-24 17:21:11,False
Q00400,S0019,상품 등록,상품 등록,2026-09-25 10:39:18,2026-09-25 20:17:21,2026-09-26 15:41:22,False
Q00401,S0019,판매 준비 완료,오픈 일정,2026-09-30 17:20:56,2026-10-01 02:47:34,2026-10-01 20:34:12,False
Q00402,S0190,서류 확인,서류 보완,2026-09-21 14:48:23,2026-09-22 01:21:37,2026-09-23 01:03:00,False
Q00403,S0190,계약,계약 절차,2026-09-22 15:05:47,2026-09-23 01:24:49,,False
Q00404,S0190,상품 등록,계약 절차,2026-09-23 15:36:53,2026-09-24 02:17:24,2026-09-24 20:49:01,True
Q00405,S0107,서류 확인,검토 일정,2026-09-20 21:06:52,2026-09-21 13:13:01,2026-09-21 15:28:51,False
Q00406,S0107,계약,검토 일정,2026-09-24 04:11:13,2026-09-24 13:26:59,2026-09-25 14:24:11,False
Q00407,S0107,상품 등록,이미지 규격,2026-09-25 19:08:49,2026-09-26 07:25:22,2026-09-27 07:57:45,False
Q00408,S0107,판매 준비 완료,이미지 규격,2026-09-29 08:08:29,2026-09-29 10:03:24,2026-09-29 14:27:20,False
Q00409,S0142,서류 확인,서류 보완,2026-09-21 09:28:29,2026-09-22 01:14:14,2026-09-22 19:31:55,False
Q00410,S0142,계약,정산 정보,2026-09-22 07:32:24,2026-09-22 07:56:24,2026-09-23 04:28:37,False
Q00411,S0172,서류 확인,검토 일정,2026-09-21 09:57:21,2026-09-21 22:55:18,2026-09-22 11:52:50,False
Q00412,S0172,계약,계약 절차,2026-09-23 01:59:56,2026-09-23 11:03:58,2026-09-23 16:25:55,False
Q00413,S0172,상품 등록,계약 절차,2026-09-24 19:46:20,2026-09-25 15:39:05,2026-09-25 23:52:09,True
Q00414,S0172,판매 준비 완료,오픈 일정,2026-09-29 12:46:53,2026-09-29 22:49:17,2026-09-30 11:59:57,False
Q00415,S0172,판매 준비 완료,오픈 일정,2026-09-30 08:46:53,2026-10-01 00:53:42,2026-10-01 22:49:06,False
Q00416,S0187,서류 확인,검토 일정,2026-09-21 23:39:20,2026-09-22 19:49:01,2026-09-23 15:29:13,False
Q00417,S0187,계약,계약 절차,2026-09-23 17:26:31,2026-09-23 20:33:58,2026-09-24 19:27:36,False
Q00418,S0187,상품 등록,카테고리 설정,2026-09-24 07:25:37,2026-09-24 07:49:37,2026-09-24 19:42:30,False
Q00419,S0187,판매 준비 완료,오픈 일정,2026-09-27 15:08:47,2026-09-28 00:17:45,2026-09-28 02:55:01,False
Q00420,S0187,판매 준비 완료,오픈 일정,2026-09-28 02:31:46,2026-09-28 11:43:29,2026-09-29 00:28:22,True
Q00421,S0187,판매 준비 완료,운영 가이드,2026-09-28 15:07:41,2026-09-28 23:09:12,2026-09-29 01:42:45,False
Q00422,S0217,서류 확인,사업자 정보,2026-09-21 21:02:37,2026-09-22 08:43:53,2026-09-23 05:24:40,False
Q00423,S0217,계약,사업자 정보,2026-09-24 02:17:54,2026-09-24 10:41:50,2026-09-25 01:28:11,True
Q00424,S0217,상품 등록,사업자 정보,2026-09-25 14:51:30,2026-09-25 15:52:26,2026-09-26 13:37:59,True
Q00425,S0133,서류 확인,서류 보완,2026-09-22 09:41:10,2026-09-23 01:28:51,2026-09-23 20:55:45,False
Q00426,S0133,계약,계약 절차,2026-09-23 23:13:09,2026-09-24 12:43:25,2026-09-25 02:53:41,False
Q00427,S0133,상품 등록,상품 등록,2026-09-25 16:34:43,2026-09-26 06:44:10,2026-09-26 21:43:07,False
Q00428,S0147,서류 확인,서류 보완,2026-09-22 21:17:34,2026-09-23 05:10:47,2026-09-23 20:18:09,False
Q00429,S0147,서류 확인,사업자 정보,2026-09-23 20:06:31,2026-09-24 01:31:32,2026-09-24 09:05:51,False
Q00430,S0072,서류 확인,서류 보완,2026-09-23 04:44:36,2026-09-24 00:34:54,2026-09-24 14:46:57,False
Q00431,S0072,계약,계약 절차,2026-09-26 14:48:03,2026-09-27 01:33:01,2026-09-27 13:41:14,False
Q00432,S0072,상품 등록,계약 절차,2026-09-27 19:14:21,2026-09-28 06:56:29,2026-09-28 23:48:35,True
Q00433,S0072,판매 준비 완료,운영 가이드,2026-10-01 20:45:56,2026-10-02 01:17:43,2026-10-03 00:11:32,False
Q00434,S0072,판매 준비 완료,마케팅 지원,2026-10-02 07:41:44,2026-10-02 14:09:28,2026-10-03 08:37:53,False
Q00435,S0048,서류 확인,서류 보완,2026-09-23 00:21:55,2026-09-24 00:06:09,2026-09-24 10:06:54,False
Q00436,S0104,서류 확인,서류 보완,2026-09-22 17:16:32,2026-09-23 13:51:59,2026-09-24 02:52:35,False
Q00437,S0104,계약,담당자 확인,2026-09-24 20:41:03,2026-09-25 08:29:24,2026-09-26 00:12:40,False
Q00438,S0104,상품 등록,이미지 규격,2026-09-25 12:19:59,2026-09-26 05:53:07,2026-09-26 16:02:27,False
Q00439,S0043,서류 확인,검토 일정,2026-09-24 07:34:01,2026-09-24 16:00:58,2026-09-25 04:09:17,False
Q00440,S0043,계약,정산 정보,2026-09-26 18:46:48,2026-09-27 13:14:05,2026-09-27 19:09:15,False
Q00441,S0043,상품 등록,카테고리 설정,2026-09-27 22:57:52,2026-09-28 04:11:41,2026-09-28 17:02:04,False
Q00442,S0043,판매 준비 완료,카테고리 설정,2026-10-01 01:23:27,2026-10-01 12:52:52,2026-10-02 08:27:13,False
Q00443,S0043,판매 준비 완료,운영 가이드,2026-10-02 07:01:22,2026-10-02 22:11:50,2026-10-03 07:33:13,False
Q00444,S0165,서류 확인,검토 일정,2026-09-24 15:01:47,2026-09-24 21:01:12,2026-09-25 14:44:13,False
Q00445,S0165,계약,검토 일정,2026-09-25 20:51:57,2026-09-26 07:53:22,2026-09-27 02:44:20,True
Q00446,S0037,서류 확인,서류 보완,2026-09-25 08:27:29,2026-09-25 19:55:04,2026-09-26 00:40:25,False
Q00447,S0037,계약,담당자 확인,2026-09-26 15:13:31,2026-09-27 01:52:54,2026-09-27 16:43:16,False
Q00448,S0037,상품 등록,이미지 규격,2026-09-28 10:47:21,2026-09-28 23:23:23,2026-09-29 18:59:23,False
Q00449,S0026,서류 확인,사업자 정보,2026-09-25 02:34:11,2026-09-25 11:07:30,2026-09-25 18:53:41,False
Q00450,S0026,계약,정산 정보,2026-09-27 13:34:43,2026-09-28 05:13:55,2026-09-29 06:05:54,False
Q00451,S0030,서류 확인,서류 보완,2026-09-24 13:35:54,2026-09-25 03:22:42,2026-09-25 04:22:42,False
Q00452,S0030,계약,담당자 확인,2026-09-27 10:52:10,2026-09-27 12:46:14,2026-09-27 22:20:06,False
Q00453,S0009,서류 확인,사업자 정보,2026-09-25 09:50:22,2026-09-25 19:22:03,2026-09-26 12:53:06,False
Q00454,S0009,계약,사업자 정보,2026-09-27 10:54:05,2026-09-28 00:06:01,2026-09-28 08:31:50,True
Q00455,S0009,상품 등록,사업자 정보,2026-09-29 00:13:45,2026-09-29 06:43:02,2026-09-29 19:44:53,True
Q00456,S0209,서류 확인,서류 보완,2026-09-25 20:43:07,2026-09-26 11:10:34,2026-09-26 14:20:18,False
Q00457,S0036,서류 확인,서류 보완,2026-09-25 13:00:00,2026-09-26 10:19:24,2026-09-26 11:19:24,False
Q00458,S0176,서류 확인,사업자 정보,2026-09-26 08:34:40,2026-09-26 21:54:09,2026-09-27 17:11:00,False
Q00459,S0176,계약,사업자 정보,2026-09-27 15:34:32,2026-09-28 00:34:20,2026-09-28 01:34:20,True
Q00460,S0123,서류 확인,서류 보완,2026-09-26 01:50:33,2026-09-26 19:09:05,2026-09-27 09:16:43,False
Q00461,S0123,계약,서류 보완,2026-09-28 08:21:20,2026-09-29 05:47:40,2026-09-29 16:30:14,True
Q00462,S0123,계약,계약 절차,2026-09-29 20:44:43,2026-09-30 05:11:55,2026-09-30 18:05:39,False
Q00463,S0091,서류 확인,서류 보완,2026-09-27 02:24:43,2026-09-27 22:36:45,2026-09-28 06:22:59,False
Q00464,S0091,계약,서류 보완,2026-09-28 21:49:58,2026-09-29 11:11:48,2026-09-29 12:20:58,True
Q00465,S0091,상품 등록,서류 보완,2026-09-30 11:28:11,2026-09-30 19:15:29,2026-10-01 06:30:39,True
Q00466,S0208,서류 확인,검토 일정,2026-09-26 17:38:26,2026-09-27 16:04:00,2026-09-28 03:40:14,False
Q00467,S0208,계약,정산 정보,2026-09-28 17:34:11,2026-09-29 01:38:41,2026-09-29 14:14:50,False
Q00468,S0208,상품 등록,상품 등록,2026-09-30 16:37:24,2026-10-01 04:21:22,,False
Q00469,S0166,서류 확인,서류 보완,2026-09-27 06:58:27,2026-09-27 19:02:13,2026-09-28 14:01:21,False
Q00470,S0046,서류 확인,서류 보완,2026-09-27 00:02:49,2026-09-27 19:37:51,2026-09-28 06:46:01,False
Q00471,S0046,계약,담당자 확인,2026-09-30 03:50:31,2026-09-30 11:09:55,2026-10-01 00:29:50,False
Q00472,S0173,서류 확인,서류 보완,2026-09-26 22:23:31,2026-09-27 16:44:14,2026-09-27 17:44:14,False
Q00473,S0173,계약,서류 보완,2026-09-29 10:08:54,2026-09-30 04:40:48,2026-09-30 20:23:29,True
Q00474,S0173,상품 등록,이미지 규격,2026-09-30 09:24:37,2026-09-30 14:49:28,2026-10-01 08:14:10,False
Q00475,S0173,판매 준비 완료,운영 가이드,2026-10-04 00:23:13,2026-10-04 08:04:58,2026-10-04 09:04:58,False
Q00476,S0031,서류 확인,검토 일정,2026-09-27 16:14:11,2026-09-27 21:56:33,2026-09-28 02:38:07,False
Q00477,S0031,계약,계약 절차,2026-09-30 11:34:36,2026-10-01 02:10:16,2026-10-01 10:35:55,False
Q00478,S0031,상품 등록,계약 절차,2026-09-30 21:10:49,2026-10-01 03:13:39,,True
Q00479,S0031,판매 준비 완료,오픈 일정,2026-10-04 01:32:18,2026-10-04 05:25:32,2026-10-04 12:03:23,False
Q00480,S0239,서류 확인,서류 보완,2026-09-27 17:44:09,2026-09-28 08:37:46,2026-09-28 18:26:30,False
Q00481,S0239,계약,정산 정보,2026-09-30 18:04:38,2026-10-01 08:11:36,2026-10-01 16:31:54,False
Q00482,S0239,상품 등록,이미지 규격,2026-10-02 02:50:51,2026-10-02 12:10:37,2026-10-02 15:57:28,False
Q00483,S0197,서류 확인,서류 보완,2026-09-28 05:48:23,2026-09-29 01:19:27,2026-09-29 11:30:52,False
Q00484,S0197,계약,계약 절차,2026-09-30 17:45:14,2026-10-01 02:22:08,2026-10-02 01:50:03,False
Q00485,S0024,서류 확인,서류 보완,2026-09-28 07:45:22,2026-09-28 21:54:19,2026-09-29 04:42:36,False
Q00486,S0024,계약,계약 절차,2026-09-30 04:43:10,2026-09-30 12:39:03,2026-09-30 16:46:50,False
Q00487,S0024,상품 등록,카테고리 설정,2026-09-30 12:43:19,2026-09-30 13:23:00,2026-10-01 09:16:28,False
Q00488,S0024,판매 준비 완료,카테고리 설정,2026-10-04 17:29:26,2026-10-05 04:19:35,2026-10-05 06:59:02,False
Q00489,S0216,서류 확인,검토 일정,2026-09-28 11:00:06,2026-09-28 19:17:12,2026-09-29 01:01:10,False
Q00490,S0216,계약,계약 절차,2026-09-29 20:25:01,2026-09-30 09:13:37,2026-10-01 05:24:38,False
Q00491,S0216,상품 등록,이미지 규격,2026-10-01 04:18:44,2026-10-01 13:24:14,2026-10-01 20:05:13,False
Q00492,S0216,판매 준비 완료,운영 가이드,2026-10-03 20:44:46,2026-10-04 05:02:04,2026-10-04 17:21:50,False
Q00493,S0216,판매 준비 완료,마케팅 지원,2026-10-04 07:52:55,2026-10-04 19:01:03,2026-10-05 01:06:23,False
Q00494,S0069,서류 확인,사업자 정보,2026-09-28 18:46:34,2026-09-29 09:36:51,2026-09-29 16:16:29,False
Q00495,S0069,계약,사업자 정보,2026-10-01 06:10:33,2026-10-01 10:03:30,2026-10-01 21:32:22,True
Q00496,S0069,상품 등록,이미지 규격,2026-10-02 01:28:46,2026-10-02 05:33:33,2026-10-02 23:13:23,False
Q00497,S0171,서류 확인,검토 일정,2026-09-29 14:27:08,2026-09-30 02:57:58,2026-09-30 13:10:40,False
Q00498,S0171,계약,검토 일정,2026-10-01 09:14:28,2026-10-01 12:20:34,2026-10-02 03:56:16,True
Q00499,S0178,서류 확인,서류 보완,2026-09-29 17:39:42,2026-09-30 04:33:25,2026-09-30 18:50:17,False
Q00500,S0178,계약,정산 정보,2026-10-02 01:42:55,2026-10-02 15:35:46,2026-10-03 09:26:40,False
Q00501,S0235,서류 확인,사업자 정보,2026-09-30 10:51:50,2026-09-30 23:36:11,,False
Q00502,S0235,계약,계약 절차,2026-10-02 09:15:02,2026-10-02 22:56:01,2026-10-03 18:25:48,False
Q00503,S0196,서류 확인,서류 보완,2026-09-30 14:54:45,2026-10-01 13:12:41,2026-10-02 07:57:55,False
Q00504,S0066,서류 확인,사업자 정보,2026-10-01 03:31:14,2026-10-01 20:19:46,2026-10-02 03:20:52,False
Q00505,S0066,계약,사업자 정보,2026-10-03 21:28:13,2026-10-04 06:58:12,2026-10-04 07:58:12,True
Q00506,S0066,상품 등록,사업자 정보,2026-10-05 06:34:56,2026-10-05 08:51:24,2026-10-05 17:36:31,True
Q00507,S0195,서류 확인,검토 일정,2026-09-30 19:35:51,2026-10-01 03:05:21,2026-10-01 04:05:21,False
Q00508,S0195,계약,정산 정보,2026-10-03 15:19:29,2026-10-03 23:02:28,2026-10-04 06:30:25,False
Q00509,S0195,상품 등록,카테고리 설정,2026-10-04 20:48:27,2026-10-05 09:48:16,2026-10-05 23:57:36,False
Q00510,S0124,서류 확인,사업자 정보,2026-10-01 04:20:05,2026-10-01 17:25:32,2026-10-02 17:40:07,False
Q00511,S0038,서류 확인,검토 일정,2026-10-01 20:02:26,2026-10-02 08:27:26,2026-10-03 00:35:10,False
Q00512,S0038,계약,검토 일정,2026-10-03 02:10:47,2026-10-03 20:27:49,2026-10-04 12:30:12,True
Q00513,S0156,서류 확인,서류 보완,2026-10-01 05:40:01,2026-10-02 01:29:17,2026-10-02 17:49:56,False
Q00514,S0012,서류 확인,서류 보완,2026-10-02 10:03:26,2026-10-02 21:22:36,2026-10-03 01:31:44,False
Q00515,S0012,계약,계약 절차,2026-10-03 21:27:27,2026-10-03 21:51:27,2026-10-04 14:57:11,False
Q00516,S0059,서류 확인,서류 보완,2026-10-02 14:04:48,2026-10-02 23:56:52,2026-10-03 13:25:26,False
Q00517,S0059,계약,서류 보완,2026-10-04 13:11:21,2026-10-05 01:04:40,2026-10-05 20:41:32,True
Q00518,S0202,서류 확인,서류 보완,2026-10-02 17:43:52,2026-10-03 11:20:45,2026-10-03 20:46:07,False
Q00519,S0219,서류 확인,서류 보완,2026-10-02 23:21:49,2026-10-02 23:45:49,2026-10-03 15:24:43,False
Q00520,S0219,계약,계약 절차,2026-10-05 20:00:38,2026-10-05 20:24:38,2026-10-06 15:24:47,False
Q00521,S0108,서류 확인,서류 보완,2026-10-03 05:56:09,2026-10-03 21:38:12,2026-10-04 16:01:57,False
Q00522,S0151,서류 확인,검토 일정,2026-10-03 07:29:41,2026-10-03 09:30:52,2026-10-04 01:40:30,False
Q00523,S0094,서류 확인,사업자 정보,2026-10-04 15:38:41,2026-10-05 01:06:18,2026-10-05 06:08:01,False
Q00524,S0094,계약,사업자 정보,2026-10-05 22:38:06,2026-10-06 10:27:17,2026-10-06 14:26:51,True
Q00525,S0183,서류 확인,검토 일정,2026-10-04 09:18:19,2026-10-04 16:39:18,2026-10-04 21:48:19,False
Q00526,S0144,서류 확인,서류 보완,2026-10-03 19:55:34,2026-10-04 09:30:10,2026-10-05 02:31:12,False
Q00527,S0144,계약,계약 절차,2026-10-06 08:00:31,2026-10-06 13:38:06,,False
Q00528,S0174,서류 확인,검토 일정,2026-10-04 11:21:08,2026-10-04 18:31:53,2026-10-05 07:18:05,False
Q00529,S0174,계약,계약 절차,2026-10-06 02:58:40,2026-10-06 11:57:06,,False
Q00530,S0052,서류 확인,검토 일정,2026-10-04 06:24:33,2026-10-04 07:53:34,2026-10-04 08:53:34,False
Q00531,S0052,계약,담당자 확인,2026-10-05 08:46:03,2026-10-05 16:49:33,2026-10-05 17:49:33,False
Q00532,S0052,상품 등록,상품 등록,2026-10-06 10:50:26,2026-10-06 18:00:00,,False
Q00533,S0029,서류 확인,서류 보완,2026-10-04 20:18:35,2026-10-05 16:46:41,2026-10-05 17:46:41,False
Q00534,S0170,서류 확인,사업자 정보,2026-10-05 06:54:45,2026-10-05 17:47:09,,False
Q00535,S0125,서류 확인,사업자 정보,2026-10-05 06:12:04,2026-10-05 20:01:55,2026-10-06 03:39:42,False
Q00536,S0121,서류 확인,검토 일정,2026-10-05 06:02:02,2026-10-05 17:53:29,2026-10-05 18:53:29,False
Q00537,S0085,서류 확인,검토 일정,2026-10-06 05:36:47,2026-10-06 15:26:48,2026-10-06 17:00:45,False
Q00538,S0105,서류 확인,사업자 정보,2026-10-06 09:53:59,2026-10-06 18:00:00,,False
Q00539,S0023,서류 확인,검토 일정,2026-10-05 22:28:40,2026-10-06 10:42:18,,False
Q00540,S0150,서류 확인,서류 보완,2026-10-05 22:01:23,2026-10-06 18:00:00,,False
