seller_id,category,planned_products,digital_fluency,applied_at,current_stage
S0148,편의점,22,보통,2026-08-11 11:00:00,판매 준비 완료
S0116,편의점,22,낮음,2026-08-12 10:00:00,판매 준비 완료
S0044,마트,15,보통,2026-08-12 11:00:00,판매 준비 완료
S0236,편의점,35,보통,2026-08-12 11:00:00,상품 등록
S0035,편의점,52,낮음,2026-08-12 13:00:00,판매 준비 완료
S0127,꽃,12,보통,2026-08-12 13:00:00,판매 준비 완료
S0169,뷰티,24,높음,2026-08-13 11:00:00,판매 준비 완료
S0008,뷰티,21,낮음,2026-08-13 15:00:00,판매 준비 완료
S0006,편의점,31,높음,2026-08-13 16:00:00,판매 준비 완료
S0055,마트,10,보통,2026-08-14 11:00:00,판매 준비 완료
S0063,뷰티,17,보통,2026-08-14 11:00:00,판매 준비 완료
S0177,뷰티,28,보통,2026-08-14 13:00:00,판매 준비 완료
S0065,마트,39,보통,2026-08-14 14:00:00,판매 준비 완료
S0194,뷰티,5,보통,2026-08-14 14:00:00,판매 준비 완료
S0205,편의점,7,보통,2026-08-14 14:00:00,판매 준비 완료
S0057,편의점,6,높음,2026-08-14 15:00:00,판매 준비 완료
S0089,패션,22,높음,2026-08-15 09:00:00,판매 준비 완료
S0184,편의점,6,보통,2026-08-15 11:00:00,판매 준비 완료
S0062,편의점,17,낮음,2026-08-15 14:00:00,판매 준비 완료
S0224,뷰티,23,높음,2026-08-15 14:00:00,상품 등록
S0097,편의점,17,보통,2026-08-15 15:00:00,판매 준비 완료
S0042,뷰티,19,높음,2026-08-15 16:00:00,판매 준비 완료
S0223,패션,25,높음,2026-08-15 16:00:00,판매 준비 완료
S0087,마트,17,보통,2026-08-16 09:00:00,판매 준비 완료
S0157,마트,24,낮음,2026-08-16 10:00:00,판매 준비 완료
S0212,패션,9,보통,2026-08-16 10:00:00,판매 준비 완료
S0198,패션,29,높음,2026-08-16 12:00:00,판매 준비 완료
S0017,패션,5,보통,2026-08-16 15:00:00,판매 준비 완료
S0114,마트,12,보통,2026-08-17 10:00:00,판매 준비 완료
S0228,뷰티,31,낮음,2026-08-17 14:00:00,판매 준비 완료
S0005,편의점,17,보통,2026-08-17 15:00:00,판매 준비 완료
S0041,패션,31,낮음,2026-08-17 15:00:00,판매 준비 완료
S0007,꽃,17,높음,2026-08-18 09:00:00,판매 준비 완료
S0051,꽃,16,보통,2026-08-18 09:00:00,판매 준비 완료
S0073,뷰티,8,보통,2026-08-18 09:00:00,판매 준비 완료
S0218,편의점,14,보통,2026-08-18 09:00:00,판매 준비 완료
S0040,마트,8,낮음,2026-08-18 14:00:00,판매 준비 완료
S0086,꽃,11,높음,2026-08-18 14:00:00,판매 준비 완료
S0083,편의점,55,보통,2026-08-18 16:00:00,판매 준비 완료
S0160,마트,9,보통,2026-08-19 10:00:00,판매 준비 완료
S0186,뷰티,40,보통,2026-08-19 10:00:00,상품 등록
S0139,마트,12,낮음,2026-08-19 11:00:00,판매 준비 완료
S0064,패션,54,높음,2026-08-19 15:00:00,판매 준비 완료
S0120,마트,25,높음,2026-08-19 15:00:00,판매 준비 완료
S0047,편의점,8,보통,2026-08-19 16:00:00,판매 준비 완료
S0010,편의점,5,보통,2026-08-20 09:00:00,판매 준비 완료
S0207,편의점,27,보통,2026-08-20 09:00:00,판매 준비 완료
S0011,편의점,8,보통,2026-08-20 10:00:00,판매 준비 완료
S0201,편의점,11,보통,2026-08-20 10:00:00,판매 준비 완료
S0068,편의점,10,낮음,2026-08-20 11:00:00,판매 준비 완료
S0136,편의점,38,높음,2026-08-20 11:00:00,판매 준비 완료
S0034,패션,26,높음,2026-08-20 12:00:00,계약
S0158,마트,10,보통,2026-08-20 12:00:00,판매 준비 완료
S0211,마트,59,낮음,2026-08-20 12:00:00,판매 준비 완료
S0088,패션,21,낮음,2026-08-20 13:00:00,판매 준비 완료
S0090,편의점,28,보통,2026-08-20 14:00:00,판매 준비 완료
S0222,편의점,15,낮음,2026-08-20 14:00:00,판매 준비 완료
S0093,마트,23,보통,2026-08-21 09:00:00,판매 준비 완료
S0175,패션,33,보통,2026-08-21 09:00:00,판매 준비 완료
S0075,패션,27,보통,2026-08-21 11:00:00,판매 준비 완료
S0079,뷰티,11,낮음,2026-08-21 14:00:00,판매 준비 완료
S0102,뷰티,17,높음,2026-08-21 15:00:00,판매 준비 완료
S0071,편의점,38,보통,2026-08-22 11:00:00,판매 준비 완료
S0074,편의점,17,낮음,2026-08-22 11:00:00,판매 준비 완료
S0138,꽃,13,보통,2026-08-22 11:00:00,판매 준비 완료
S0103,마트,32,보통,2026-08-22 14:00:00,판매 준비 완료
S0115,편의점,22,보통,2026-08-24 10:00:00,판매 준비 완료
S0128,마트,12,높음,2026-08-24 10:00:00,서류 확인
S0004,편의점,27,낮음,2026-08-24 11:00:00,계약
S0129,편의점,16,높음,2026-08-24 12:00:00,판매 준비 완료
S0096,뷰티,19,낮음,2026-08-24 14:00:00,판매 준비 완료
S0164,뷰티,19,보통,2026-08-24 14:00:00,판매 준비 완료
S0153,패션,37,낮음,2026-08-24 15:00:00,판매 준비 완료
S0002,편의점,13,보통,2026-08-25 09:00:00,판매 준비 완료
S0180,뷰티,8,보통,2026-08-25 09:00:00,판매 준비 완료
S0027,꽃,12,높음,2026-08-25 11:00:00,판매 준비 완료
S0192,편의점,12,보통,2026-08-25 13:00:00,판매 준비 완료
S0106,꽃,52,보통,2026-08-25 14:00:00,판매 준비 완료
S0232,패션,51,보통,2026-08-25 15:00:00,판매 준비 완료
S0230,편의점,12,낮음,2026-08-26 09:00:00,판매 준비 완료
S0126,마트,14,보통,2026-08-26 10:00:00,판매 준비 완료
S0028,마트,8,보통,2026-08-26 12:00:00,판매 준비 완료
S0077,마트,45,보통,2026-08-26 12:00:00,판매 준비 완료
S0161,편의점,15,보통,2026-08-26 15:00:00,판매 준비 완료
S0214,마트,44,높음,2026-08-27 13:00:00,판매 준비 완료
S0061,패션,31,보통,2026-08-27 15:00:00,판매 준비 완료
S0130,꽃,17,높음,2026-08-27 15:00:00,상품 등록
S0131,편의점,17,보통,2026-08-27 15:00:00,판매 준비 완료
S0199,뷰티,14,높음,2026-08-28 10:00:00,판매 준비 완료
S0060,편의점,5,보통,2026-08-28 12:00:00,판매 준비 완료
S0221,뷰티,13,높음,2026-08-28 12:00:00,판매 준비 완료
S0237,마트,16,높음,2026-08-29 09:00:00,판매 준비 완료
S0045,편의점,30,낮음,2026-08-29 11:00:00,상품 등록
S0181,편의점,23,보통,2026-08-29 13:00:00,판매 준비 완료
S0229,패션,6,보통,2026-08-29 15:00:00,판매 준비 완료
S0020,마트,7,보통,2026-08-29 16:00:00,서류 확인
S0162,패션,21,낮음,2026-08-30 09:00:00,판매 준비 완료
S0189,마트,10,보통,2026-08-30 09:00:00,판매 준비 완료
S0134,마트,34,보통,2026-08-30 10:00:00,판매 준비 완료
S0049,뷰티,41,보통,2026-08-30 11:00:00,판매 준비 완료
S0135,뷰티,39,보통,2026-08-30 11:00:00,판매 준비 완료
S0101,마트,11,보통,2026-08-31 09:00:00,판매 준비 완료
S0146,꽃,24,높음,2026-08-31 10:00:00,판매 준비 완료
S0155,마트,14,높음,2026-08-31 14:00:00,판매 준비 완료
S0109,편의점,15,보통,2026-09-01 09:00:00,판매 준비 완료
S0154,편의점,5,보통,2026-09-01 09:00:00,판매 준비 완료
S0132,패션,31,보통,2026-09-01 13:00:00,판매 준비 완료
S0226,마트,20,보통,2026-09-01 13:00:00,판매 준비 완료
S0200,마트,7,높음,2026-09-01 15:00:00,판매 준비 완료
S0233,마트,22,낮음,2026-09-01 15:00:00,판매 준비 완료
S0149,마트,17,낮음,2026-09-01 16:00:00,판매 준비 완료
S0204,뷰티,38,보통,2026-09-01 16:00:00,상품 등록
S0206,마트,20,높음,2026-09-02 10:00:00,판매 준비 완료
S0225,마트,23,높음,2026-09-02 14:00:00,판매 준비 완료
S0076,마트,16,보통,2026-09-04 11:00:00,서류 확인
S0117,마트,27,보통,2026-09-04 12:00:00,판매 준비 완료
S0213,패션,5,보통,2026-09-04 12:00:00,판매 준비 완료
S0056,꽃,11,보통,2026-09-04 16:00:00,판매 준비 완료
S0220,패션,10,낮음,2026-09-04 16:00:00,판매 준비 완료
S0182,마트,32,낮음,2026-09-05 12:00:00,판매 준비 완료
S0033,뷰티,10,높음,2026-09-05 14:00:00,판매 준비 완료
S0141,편의점,24,높음,2026-09-05 15:00:00,판매 준비 완료
S0016,편의점,7,높음,2026-09-06 10:00:00,판매 준비 완료
S0238,뷰티,53,낮음,2026-09-06 10:00:00,서류 확인
S0099,편의점,15,낮음,2026-09-06 12:00:00,판매 준비 완료
S0193,편의점,32,높음,2026-09-06 15:00:00,판매 준비 완료
S0014,마트,17,낮음,2026-09-07 11:00:00,판매 준비 완료
S0163,뷰티,31,보통,2026-09-07 11:00:00,판매 준비 완료
S0018,마트,9,보통,2026-09-08 11:00:00,판매 준비 완료
S0053,뷰티,18,보통,2026-09-09 14:00:00,판매 준비 완료
S0227,뷰티,9,낮음,2026-09-09 14:00:00,판매 준비 완료
S0112,편의점,7,낮음,2026-09-09 15:00:00,판매 준비 완료
S0067,마트,32,보통,2026-09-09 16:00:00,판매 준비 완료
S0070,마트,14,보통,2026-09-10 15:00:00,판매 준비 완료
S0137,마트,12,낮음,2026-09-11 09:00:00,계약
S0001,뷰티,43,높음,2026-09-11 10:00:00,판매 준비 완료
S0203,편의점,27,보통,2026-09-11 11:00:00,판매 준비 완료
S0140,편의점,55,보통,2026-09-11 12:00:00,판매 준비 완료
S0015,뷰티,5,보통,2026-09-11 16:00:00,판매 준비 완료
S0143,마트,28,보통,2026-09-12 11:00:00,판매 준비 완료
S0167,뷰티,25,낮음,2026-09-12 11:00:00,판매 준비 완료
S0054,마트,18,낮음,2026-09-13 09:00:00,판매 준비 완료
S0032,패션,8,보통,2026-09-13 10:00:00,판매 준비 완료
S0021,마트,21,높음,2026-09-13 11:00:00,판매 준비 완료
S0113,뷰티,19,보통,2026-09-14 10:00:00,판매 준비 완료
S0122,편의점,24,보통,2026-09-14 12:00:00,판매 준비 완료
S0080,패션,14,보통,2026-09-14 13:00:00,판매 준비 완료
S0050,마트,22,높음,2026-09-14 14:00:00,판매 준비 완료
S0025,마트,9,낮음,2026-09-14 15:00:00,판매 준비 완료
S0081,편의점,23,보통,2026-09-14 15:00:00,판매 준비 완료
S0118,마트,32,낮음,2026-09-14 15:00:00,판매 준비 완료
S0191,뷰티,102,보통,2026-09-14 15:00:00,판매 준비 완료
S0188,편의점,15,보통,2026-09-15 09:00:00,판매 준비 완료
S0240,패션,21,보통,2026-09-15 11:00:00,판매 준비 완료
S0145,뷰티,5,낮음,2026-09-15 12:00:00,판매 준비 완료
S0092,마트,18,높음,2026-09-15 16:00:00,판매 준비 완료
S0152,편의점,32,보통,2026-09-15 16:00:00,판매 준비 완료
S0095,편의점,7,낮음,2026-09-16 11:00:00,판매 준비 완료
S0003,마트,12,보통,2026-09-16 15:00:00,판매 준비 완료
S0110,뷰티,23,낮음,2026-09-17 09:00:00,판매 준비 완료
S0013,마트,6,높음,2026-09-17 10:00:00,판매 준비 완료
S0084,꽃,16,낮음,2026-09-17 10:00:00,판매 준비 완료
S0100,편의점,7,보통,2026-09-17 12:00:00,계약
S0179,마트,13,낮음,2026-09-17 12:00:00,판매 준비 완료
S0234,마트,18,보통,2026-09-17 13:00:00,판매 준비 완료
S0098,뷰티,28,낮음,2026-09-17 15:00:00,판매 준비 완료
S0082,편의점,20,높음,2026-09-18 14:00:00,판매 준비 완료
S0058,편의점,6,보통,2026-09-19 10:00:00,판매 준비 완료
S0111,뷰티,16,보통,2026-09-19 10:00:00,판매 준비 완료
S0119,뷰티,11,보통,2026-09-19 11:00:00,판매 준비 완료
S0210,패션,10,낮음,2026-09-19 11:00:00,판매 준비 완료
S0159,편의점,42,보통,2026-09-19 16:00:00,판매 준비 완료
S0019,뷰티,45,낮음,2026-09-20 10:00:00,판매 준비 완료
S0190,패션,10,높음,2026-09-20 11:00:00,판매 준비 완료
S0107,마트,22,낮음,2026-09-20 15:00:00,판매 준비 완료
S0142,꽃,18,보통,2026-09-20 15:00:00,판매 준비 완료
S0172,마트,33,보통,2026-09-20 15:00:00,판매 준비 완료
S0187,편의점,15,높음,2026-09-21 09:00:00,판매 준비 완료
S0217,꽃,43,높음,2026-09-21 15:00:00,판매 준비 완료
S0133,편의점,16,보통,2026-09-21 16:00:00,판매 준비 완료
S0147,마트,20,낮음,2026-09-22 10:00:00,서류 확인
S0072,마트,34,낮음,2026-09-22 11:00:00,판매 준비 완료
S0048,마트,13,높음,2026-09-22 12:00:00,판매 준비 완료
S0104,뷰티,23,보통,2026-09-22 13:00:00,판매 준비 완료
S0039,패션,40,보통,2026-09-23 10:00:00,판매 준비 완료
S0043,마트,24,보통,2026-09-23 12:00:00,판매 준비 완료
S0231,마트,10,보통,2026-09-23 14:00:00,판매 준비 완료
S0165,편의점,13,보통,2026-09-23 15:00:00,판매 준비 완료
S0037,편의점,19,보통,2026-09-24 10:00:00,판매 준비 완료
S0026,편의점,17,낮음,2026-09-24 11:00:00,판매 준비 완료
S0030,뷰티,12,보통,2026-09-24 12:00:00,판매 준비 완료
S0009,뷰티,12,보통,2026-09-24 14:00:00,판매 준비 완료
S0209,마트,10,보통,2026-09-24 16:00:00,계약
S0185,마트,23,보통,2026-09-25 11:00:00,판매 준비 완료
S0036,편의점,15,낮음,2026-09-25 12:00:00,판매 준비 완료
S0176,편의점,9,낮음,2026-09-25 13:00:00,판매 준비 완료
S0123,패션,7,낮음,2026-09-25 16:00:00,계약
S0091,마트,14,보통,2026-09-26 09:00:00,판매 준비 완료
S0208,마트,44,보통,2026-09-26 10:00:00,판매 준비 완료
S0166,패션,50,높음,2026-09-26 11:00:00,판매 준비 완료
S0046,꽃,9,낮음,2026-09-26 14:00:00,판매 준비 완료
S0022,마트,21,보통,2026-09-26 15:00:00,판매 준비 완료
S0173,뷰티,51,높음,2026-09-26 16:00:00,판매 준비 완료
S0031,편의점,12,보통,2026-09-27 11:00:00,판매 준비 완료
S0239,마트,7,보통,2026-09-27 11:00:00,판매 준비 완료
S0197,꽃,7,보통,2026-09-27 12:00:00,판매 준비 완료
S0024,꽃,10,보통,2026-09-27 16:00:00,판매 준비 완료
S0216,마트,55,높음,2026-09-27 16:00:00,판매 준비 완료
S0069,패션,24,높음,2026-09-28 11:00:00,판매 준비 완료
S0171,꽃,13,높음,2026-09-28 11:00:00,판매 준비 완료
S0178,꽃,5,높음,2026-09-29 10:00:00,판매 준비 완료
S0215,꽃,8,보통,2026-09-29 13:00:00,판매 준비 완료
S0235,편의점,18,보통,2026-09-29 15:00:00,판매 준비 완료
S0196,마트,22,보통,2026-09-29 16:00:00,판매 준비 완료
S0066,뷰티,51,보통,2026-09-30 11:00:00,판매 준비 완료
S0195,마트,15,보통,2026-09-30 13:00:00,판매 준비 완료
S0124,마트,12,보통,2026-09-30 14:00:00,판매 준비 완료
S0038,편의점,64,높음,2026-09-30 16:00:00,판매 준비 완료
S0156,마트,17,보통,2026-09-30 16:00:00,판매 준비 완료
S0012,마트,20,높음,2026-10-01 10:00:00,판매 준비 완료
S0059,마트,10,낮음,2026-10-01 15:00:00,판매 준비 완료
S0202,마트,17,보통,2026-10-02 10:00:00,판매 준비 완료
S0219,마트,7,낮음,2026-10-02 13:00:00,상품 등록
S0108,뷰티,79,보통,2026-10-02 16:00:00,상품 등록
S0151,뷰티,16,높음,2026-10-02 16:00:00,상품 등록
S0094,마트,45,보통,2026-10-03 12:00:00,상품 등록
S0183,뷰티,22,보통,2026-10-03 12:00:00,상품 등록
S0144,꽃,15,높음,2026-10-03 14:00:00,상품 등록
S0174,패션,17,높음,2026-10-03 15:00:00,상품 등록
S0052,마트,8,높음,2026-10-03 16:00:00,상품 등록
S0029,뷰티,43,낮음,2026-10-04 11:00:00,계약
S0170,패션,25,낮음,2026-10-04 12:00:00,계약
S0125,편의점,13,보통,2026-10-04 14:00:00,계약
S0121,마트,12,보통,2026-10-04 16:00:00,계약
S0085,편의점,51,보통,2026-10-05 09:00:00,서류 확인
S0105,뷰티,29,보통,2026-10-05 09:00:00,서류 확인
S0023,마트,55,보통,2026-10-05 10:00:00,계약
S0078,뷰티,5,높음,2026-10-05 10:00:00,서류 확인
S0150,편의점,9,높음,2026-10-05 12:00:00,계약
S0168,패션,9,보통,2026-10-05 16:00:00,서류 확인
