seller_id,stage,stage_order,started_at,completed_at,queue_hours,active_work_hours,rework_count,status
S0148,신청,1,2026-08-11 11:00:00,2026-08-11 11:00:00,0.0,0.3,0,완료
S0148,서류 확인,2,2026-08-11 11:00:00,2026-08-12 20:27:47,32.2,1.3,0,완료
S0148,계약,3,2026-08-12 20:27:47,2026-08-13 14:22:50,15.7,2.2,0,완료
S0148,상품 등록,4,2026-08-13 14:22:50,2026-08-15 23:34:07,51.9,5.3,0,완료
S0148,판매 준비 완료,5,2026-08-15 23:34:07,2026-08-16 21:51:02,20.5,1.7,0,완료
S0116,신청,1,2026-08-12 10:00:00,2026-08-12 10:00:00,0.0,0.3,0,완료
S0116,서류 확인,2,2026-08-12 10:00:00,2026-08-14 15:44:46,51.6,2.1,0,완료
S0116,계약,3,2026-08-14 15:44:46,2026-08-16 09:10:37,40.1,1.4,0,완료
S0116,상품 등록,4,2026-08-16 09:10:37,2026-08-19 17:54:35,76.3,4.4,0,완료
S0116,판매 준비 완료,5,2026-08-19 17:54:35,2026-08-21 11:27:27,39.6,1.9,0,완료
S0044,신청,1,2026-08-12 11:00:00,2026-08-12 11:00:00,0.0,0.3,0,완료
S0044,서류 확인,2,2026-08-12 11:00:00,2026-08-13 15:24:36,26.2,2.2,0,완료
S0044,계약,3,2026-08-13 15:24:36,2026-08-14 10:12:46,17.2,1.6,0,완료
S0044,상품 등록,4,2026-08-14 10:12:46,2026-08-16 10:35:57,38.3,10.1,2,완료
S0044,판매 준비 완료,5,2026-08-16 10:35:57,2026-08-17 10:39:30,21.7,2.4,0,완료
S0236,신청,1,2026-08-12 11:00:00,2026-08-12 11:00:00,0.0,0.3,0,완료
S0236,서류 확인,2,2026-08-12 11:00:00,2026-08-13 10:39:34,22.1,1.5,0,완료
S0236,계약,3,2026-08-13 10:39:34,2026-08-14 08:03:34,20.1,1.3,0,완료
S0236,상품 등록,4,2026-08-14 08:03:34,,1281.9,,0,진행 중
S0035,신청,1,2026-08-12 13:00:00,2026-08-12 13:00:00,0.0,0.3,0,완료
S0035,서류 확인,2,2026-08-12 13:00:00,2026-08-14 18:01:21,48.9,4.2,1,완료
S0035,계약,3,2026-08-14 18:01:21,2026-08-16 16:17:10,44.7,1.6,0,완료
S0035,상품 등록,4,2026-08-16 16:17:10,2026-08-20 02:58:24,77.3,5.4,0,완료
S0035,판매 준비 완료,5,2026-08-20 02:58:24,2026-08-21 23:46:22,42.5,2.3,0,완료
S0127,신청,1,2026-08-12 13:00:00,2026-08-12 13:00:00,0.0,0.3,0,완료
S0127,서류 확인,2,2026-08-12 13:00:00,2026-08-13 21:32:07,30.0,2.5,0,완료
S0127,계약,3,2026-08-13 21:32:07,2026-08-14 23:46:57,24.9,1.4,0,완료
S0127,상품 등록,4,2026-08-14 23:46:57,2026-08-17 01:32:08,39.5,10.2,2,완료
S0127,판매 준비 완료,5,2026-08-17 01:32:08,2026-08-18 11:53:03,32.1,2.3,0,완료
S0169,신청,1,2026-08-13 11:00:00,2026-08-13 11:00:00,0.0,0.3,0,완료
S0169,서류 확인,2,2026-08-13 11:00:00,2026-08-14 12:14:41,22.6,2.7,0,완료
S0169,계약,3,2026-08-14 12:14:41,2026-08-15 15:57:47,26.8,1.0,0,완료
S0169,상품 등록,4,2026-08-15 15:57:47,2026-08-18 02:09:54,52.7,5.5,1,완료
S0169,판매 준비 완료,5,2026-08-18 02:09:54,2026-08-19 07:43:15,27.7,1.8,0,완료
S0008,신청,1,2026-08-13 15:00:00,2026-08-13 15:00:00,0.0,0.3,0,완료
S0008,서류 확인,2,2026-08-13 15:00:00,2026-08-15 14:49:19,45.5,2.3,0,완료
S0008,계약,3,2026-08-15 14:49:19,2026-08-17 06:03:29,38.0,1.2,0,완료
S0008,상품 등록,4,2026-08-17 06:03:29,2026-08-20 00:33:17,59.9,6.6,1,완료
S0008,판매 준비 완료,5,2026-08-20 00:33:17,2026-08-22 02:46:32,48.2,2.0,0,완료
S0006,신청,1,2026-08-13 16:00:00,2026-08-13 16:00:00,0.0,0.3,0,완료
S0006,서류 확인,2,2026-08-13 16:00:00,2026-08-14 18:04:40,23.5,2.6,0,완료
S0006,계약,3,2026-08-14 18:04:40,2026-08-15 16:23:12,21.0,1.3,0,완료
S0006,상품 등록,4,2026-08-15 16:23:12,2026-08-18 07:15:18,57.3,5.6,1,완료
S0006,판매 준비 완료,5,2026-08-18 07:15:18,2026-08-19 08:40:06,23.7,1.7,0,완료
S0055,신청,1,2026-08-14 11:00:00,2026-08-14 11:00:00,0.0,0.3,0,완료
S0055,서류 확인,2,2026-08-14 11:00:00,2026-08-15 23:25:11,34.3,2.1,0,완료
S0055,계약,3,2026-08-15 23:25:11,2026-08-17 03:15:20,26.7,1.1,0,완료
S0055,상품 등록,4,2026-08-17 03:15:20,2026-08-19 18:54:30,60.2,3.5,0,완료
S0055,판매 준비 완료,5,2026-08-19 18:54:30,2026-08-21 03:52:12,30.6,2.4,0,완료
S0063,신청,1,2026-08-14 11:00:00,2026-08-14 11:00:00,0.0,0.3,0,완료
S0063,서류 확인,2,2026-08-14 11:00:00,2026-08-15 15:38:27,26.7,2.0,0,완료
S0063,계약,3,2026-08-15 15:38:27,2026-08-16 23:51:17,30.3,1.9,0,완료
S0063,상품 등록,4,2026-08-16 23:51:17,2026-08-18 04:03:52,24.0,4.2,0,완료
S0063,판매 준비 완료,5,2026-08-18 04:03:52,2026-08-19 06:54:23,24.0,2.9,0,완료
S0177,신청,1,2026-08-14 13:00:00,2026-08-14 13:00:00,0.0,0.3,0,완료
S0177,서류 확인,2,2026-08-14 13:00:00,2026-08-16 12:08:23,43.2,3.9,1,완료
S0177,계약,3,2026-08-16 12:08:23,2026-08-18 00:22:43,34.9,1.3,0,완료
S0177,상품 등록,4,2026-08-18 00:22:43,2026-08-19 23:13:50,42.9,4.0,0,완료
S0177,판매 준비 완료,5,2026-08-19 23:13:50,2026-08-21 07:46:36,30.7,1.8,0,완료
S0065,신청,1,2026-08-14 14:00:00,2026-08-14 14:00:00,0.0,0.3,0,완료
S0065,서류 확인,2,2026-08-14 14:00:00,2026-08-16 02:02:45,33.1,3.0,0,완료
S0065,계약,3,2026-08-16 02:02:45,2026-08-17 15:32:45,36.6,0.9,0,완료
S0065,상품 등록,4,2026-08-17 15:32:45,2026-08-20 02:38:54,54.6,4.5,0,완료
S0065,판매 준비 완료,5,2026-08-20 02:38:54,2026-08-21 15:07:14,33.9,2.6,0,완료
S0194,신청,1,2026-08-14 14:00:00,2026-08-14 14:00:00,0.0,0.3,0,완료
S0194,서류 확인,2,2026-08-14 14:00:00,2026-08-16 00:59:16,33.1,1.9,0,완료
S0194,계약,3,2026-08-16 00:59:16,2026-08-16 23:31:12,21.3,1.2,0,완료
S0194,상품 등록,4,2026-08-16 23:31:12,2026-08-19 09:07:34,51.4,6.2,0,완료
S0194,판매 준비 완료,5,2026-08-19 09:07:34,2026-08-20 10:56:07,24.5,1.3,0,완료
S0205,신청,1,2026-08-14 14:00:00,2026-08-14 14:00:00,0.0,0.3,0,완료
S0205,서류 확인,2,2026-08-14 14:00:00,2026-08-15 19:04:03,26.6,2.5,0,완료
S0205,계약,3,2026-08-15 19:04:03,2026-08-16 19:40:56,23.5,1.2,0,완료
S0205,상품 등록,4,2026-08-16 19:40:56,2026-08-19 15:51:06,63.4,4.8,0,완료
S0205,판매 준비 완료,5,2026-08-19 15:51:06,2026-08-20 21:50:48,28.3,1.7,0,완료
S0057,신청,1,2026-08-14 15:00:00,2026-08-14 15:00:00,0.0,0.3,0,완료
S0057,서류 확인,2,2026-08-14 15:00:00,2026-08-15 22:14:46,28.3,3.0,0,완료
S0057,계약,3,2026-08-15 22:14:46,2026-08-16 15:16:20,15.6,1.4,0,완료
S0057,상품 등록,4,2026-08-16 15:16:20,2026-08-20 00:50:10,76.5,5.1,0,완료
S0057,판매 준비 완료,5,2026-08-20 00:50:10,2026-08-20 22:07:30,19.4,1.9,0,완료
S0089,신청,1,2026-08-15 09:00:00,2026-08-15 09:00:00,0.0,0.3,0,완료
S0089,서류 확인,2,2026-08-15 09:00:00,2026-08-16 10:10:32,22.5,2.7,0,완료
S0089,계약,3,2026-08-16 10:10:32,2026-08-17 06:16:31,18.4,1.7,0,완료
S0089,상품 등록,4,2026-08-17 06:16:31,2026-08-20 04:58:41,65.0,5.7,1,완료
S0089,판매 준비 완료,5,2026-08-20 04:58:41,2026-08-20 21:21:24,15.0,1.3,0,완료
S0184,신청,1,2026-08-15 11:00:00,2026-08-15 11:00:00,0.0,0.3,0,완료
S0184,서류 확인,2,2026-08-15 11:00:00,2026-08-16 17:40:04,28.6,2.1,0,완료
S0184,계약,3,2026-08-16 17:40:04,2026-08-17 08:50:36,13.7,1.5,0,완료
S0184,상품 등록,4,2026-08-17 08:50:36,2026-08-20 05:40:56,62.4,6.4,0,완료
S0184,판매 준비 완료,5,2026-08-20 05:40:56,2026-08-21 17:46:20,34.2,1.9,0,완료
S0062,신청,1,2026-08-15 14:00:00,2026-08-15 14:00:00,0.0,0.3,0,완료
S0062,서류 확인,2,2026-08-15 14:00:00,2026-08-17 06:03:32,37.8,2.2,0,완료
S0062,계약,3,2026-08-17 06:03:32,2026-08-18 23:38:02,40.5,1.1,0,완료
S0062,상품 등록,4,2026-08-18 23:38:02,2026-08-21 14:40:39,56.1,6.9,0,완료
S0062,판매 준비 완료,5,2026-08-21 14:40:39,2026-08-22 17:12:26,24.4,2.1,0,완료
S0224,신청,1,2026-08-15 14:00:00,2026-08-15 14:00:00,0.0,0.3,0,완료
S0224,서류 확인,2,2026-08-15 14:00:00,2026-08-16 13:51:48,21.8,2.1,0,완료
S0224,계약,3,2026-08-16 13:51:48,2026-08-16 20:58:38,5.4,1.7,0,완료
S0224,상품 등록,4,2026-08-16 20:58:38,,1221.0,,0,진행 중
S0097,신청,1,2026-08-15 15:00:00,2026-08-15 15:00:00,0.0,0.3,0,완료
S0097,서류 확인,2,2026-08-15 15:00:00,2026-08-16 12:07:50,19.1,2.1,0,완료
S0097,계약,3,2026-08-16 12:07:50,2026-08-17 17:02:03,27.7,1.2,0,완료
S0097,상품 등록,4,2026-08-17 17:02:03,2026-08-19 13:53:53,36.9,8.0,1,완료
S0097,판매 준비 완료,5,2026-08-19 13:53:53,2026-08-20 05:35:14,14.6,1.1,0,완료
S0042,신청,1,2026-08-15 16:00:00,2026-08-15 16:00:00,0.0,0.3,0,완료
S0042,서류 확인,2,2026-08-15 16:00:00,2026-08-16 11:45:45,15.7,4.1,1,완료
S0042,계약,3,2026-08-16 11:45:45,2026-08-17 04:10:45,14.9,1.5,0,완료
S0042,상품 등록,4,2026-08-17 04:10:45,2026-08-19 17:03:01,53.2,7.7,0,완료
S0042,판매 준비 완료,5,2026-08-19 17:03:01,2026-08-19 23:50:11,4.8,2.0,0,완료
S0223,신청,1,2026-08-15 16:00:00,2026-08-15 16:00:00,0.0,0.3,0,완료
S0223,서류 확인,2,2026-08-15 16:00:00,2026-08-17 08:33:57,37.2,3.4,1,완료
S0223,계약,3,2026-08-17 08:33:57,2026-08-18 05:51:27,20.0,1.3,0,완료
S0223,상품 등록,4,2026-08-18 05:51:27,2026-08-19 19:51:07,31.8,6.1,0,완료
S0223,판매 준비 완료,5,2026-08-19 19:51:07,2026-08-21 02:14:01,27.9,2.5,0,완료
S0087,신청,1,2026-08-16 09:00:00,2026-08-16 09:00:00,0.0,0.3,0,완료
S0087,서류 확인,2,2026-08-16 09:00:00,2026-08-17 19:58:20,33.0,2.0,0,완료
S0087,계약,3,2026-08-17 19:58:20,2026-08-18 20:19:46,23.1,1.3,0,완료
S0087,상품 등록,4,2026-08-18 20:19:46,2026-08-21 12:42:48,58.5,5.8,0,완료
S0087,판매 준비 완료,5,2026-08-21 12:42:48,2026-08-22 13:06:55,22.4,2.0,0,완료
S0157,신청,1,2026-08-16 10:00:00,2026-08-16 10:00:00,0.0,0.3,0,완료
S0157,서류 확인,2,2026-08-16 10:00:00,2026-08-18 02:35:20,38.5,2.1,0,완료
S0157,계약,3,2026-08-18 02:35:20,2026-08-19 07:12:07,27.4,1.2,0,완료
S0157,상품 등록,4,2026-08-19 07:12:07,2026-08-21 14:41:50,50.6,4.9,0,완료
S0157,판매 준비 완료,5,2026-08-21 14:41:50,2026-08-23 02:05:20,34.1,1.3,0,완료
S0212,신청,1,2026-08-16 10:00:00,2026-08-16 10:00:00,0.0,0.3,0,완료
S0212,서류 확인,2,2026-08-16 10:00:00,2026-08-17 02:06:20,12.6,3.5,1,완료
S0212,계약,3,2026-08-17 02:06:20,2026-08-18 06:07:50,26.6,1.4,0,완료
S0212,상품 등록,4,2026-08-18 06:07:50,2026-08-20 13:06:34,48.4,6.6,0,완료
S0212,판매 준비 완료,5,2026-08-20 13:06:34,2026-08-21 22:26:18,31.0,2.4,0,완료
S0198,신청,1,2026-08-16 12:00:00,2026-08-16 12:00:00,0.0,0.3,0,완료
S0198,서류 확인,2,2026-08-16 12:00:00,2026-08-17 03:35:38,13.3,2.3,0,완료
S0198,계약,3,2026-08-17 03:35:38,2026-08-17 15:56:12,10.7,1.6,0,완료
S0198,상품 등록,4,2026-08-17 15:56:12,2026-08-19 05:30:43,31.7,5.9,0,완료
S0198,판매 준비 완료,5,2026-08-19 05:30:43,2026-08-20 01:21:46,18.0,1.8,0,완료
S0017,신청,1,2026-08-16 15:00:00,2026-08-16 15:00:00,0.0,0.3,0,완료
S0017,서류 확인,2,2026-08-16 15:00:00,2026-08-17 18:01:09,25.0,2.0,0,완료
S0017,계약,3,2026-08-17 18:01:09,2026-08-19 02:46:34,31.4,1.3,0,완료
S0017,상품 등록,4,2026-08-19 02:46:34,2026-08-22 12:04:03,75.2,6.1,0,완료
S0017,판매 준비 완료,5,2026-08-22 12:04:03,,1085.9,,0,진행 중
S0114,신청,1,2026-08-17 10:00:00,2026-08-17 10:00:00,0.0,0.3,0,완료
S0114,서류 확인,2,2026-08-17 10:00:00,2026-08-19 13:07:41,49.1,2.1,0,완료
S0114,계약,3,2026-08-19 13:07:41,2026-08-20 12:01:22,21.4,1.5,0,완료
S0114,상품 등록,4,2026-08-20 12:01:22,2026-08-24 03:55:28,81.7,6.2,0,완료
S0114,판매 준비 완료,5,2026-08-24 03:55:28,2026-08-24 23:14:43,16.9,2.5,0,완료
S0228,신청,1,2026-08-17 14:00:00,2026-08-17 14:00:00,0.0,0.3,0,완료
S0228,서류 확인,2,2026-08-17 14:00:00,2026-08-19 05:26:53,37.6,1.8,0,완료
S0228,계약,3,2026-08-19 05:26:53,2026-08-20 18:56:47,35.8,1.7,0,완료
S0228,상품 등록,4,2026-08-20 18:56:47,2026-08-23 07:48:44,51.7,9.2,1,완료
S0228,판매 준비 완료,5,2026-08-23 07:48:44,2026-08-25 20:51:09,59.3,1.7,0,완료
S0005,신청,1,2026-08-17 15:00:00,2026-08-17 15:00:00,0.0,0.3,0,완료
S0005,서류 확인,2,2026-08-17 15:00:00,2026-08-19 00:33:56,31.1,2.5,0,완료
S0005,계약,3,2026-08-19 00:33:56,2026-08-19 20:08:59,18.3,1.3,0,완료
S0005,상품 등록,4,2026-08-19 20:08:59,2026-08-22 07:04:39,53.4,5.5,1,완료
S0005,판매 준비 완료,5,2026-08-22 07:04:39,2026-08-23 11:05:14,25.3,2.7,0,완료
S0041,신청,1,2026-08-17 15:00:00,2026-08-17 15:00:00,0.0,0.3,0,완료
S0041,서류 확인,2,2026-08-17 15:00:00,2026-08-19 22:43:14,54.2,1.6,0,완료
S0041,계약,3,2026-08-19 22:43:14,2026-08-20 22:49:16,23.1,1.0,0,완료
S0041,상품 등록,4,2026-08-20 22:49:16,2026-08-23 23:08:23,66.1,6.2,1,완료
S0041,판매 준비 완료,5,2026-08-23 23:08:23,2026-08-26 02:48:30,49.9,1.7,0,완료
S0007,신청,1,2026-08-18 09:00:00,2026-08-18 09:00:00,0.0,0.3,0,완료
S0007,서류 확인,2,2026-08-18 09:00:00,2026-08-19 13:23:16,25.8,2.6,0,완료
S0007,계약,3,2026-08-19 13:23:16,2026-08-20 15:05:31,24.1,1.6,0,완료
S0007,상품 등록,4,2026-08-20 15:05:31,2026-08-22 18:09:37,44.7,6.4,0,완료
S0007,판매 준비 완료,5,2026-08-22 18:09:37,2026-08-23 10:44:52,14.0,2.6,0,완료
S0051,신청,1,2026-08-18 09:00:00,2026-08-18 09:00:00,0.0,0.3,0,완료
S0051,서류 확인,2,2026-08-18 09:00:00,2026-08-19 20:38:08,33.6,2.1,0,완료
S0051,계약,3,2026-08-19 20:38:08,2026-08-21 01:18:49,27.3,1.4,0,완료
S0051,상품 등록,4,2026-08-21 01:18:49,2026-08-23 05:44:37,48.2,4.2,0,완료
S0051,판매 준비 완료,5,2026-08-23 05:44:37,2026-08-25 00:10:10,40.1,2.4,0,완료
S0073,신청,1,2026-08-18 09:00:00,2026-08-18 09:00:00,0.0,0.3,0,완료
S0073,서류 확인,2,2026-08-18 09:00:00,2026-08-20 12:07:37,45.6,5.5,2,완료
S0073,계약,3,2026-08-20 12:07:37,2026-08-21 09:17:32,20.1,1.1,0,완료
S0073,상품 등록,4,2026-08-21 09:17:32,2026-08-23 21:15:10,55.5,4.5,0,완료
S0073,판매 준비 완료,5,2026-08-23 21:15:10,2026-08-25 03:23:20,28.6,1.5,0,완료
S0218,신청,1,2026-08-18 09:00:00,2026-08-18 09:00:00,0.0,0.3,0,완료
S0218,서류 확인,2,2026-08-18 09:00:00,2026-08-19 15:41:32,25.1,5.5,2,완료
S0218,계약,3,2026-08-19 15:41:32,2026-08-20 20:39:28,27.2,1.7,0,완료
S0218,상품 등록,4,2026-08-20 20:39:28,2026-08-23 08:14:06,53.1,6.5,0,완료
S0218,판매 준비 완료,5,2026-08-23 08:14:06,2026-08-24 12:20:00,26.1,2.0,0,완료
S0040,신청,1,2026-08-18 14:00:00,2026-08-18 14:00:00,0.0,0.3,0,완료
S0040,서류 확인,2,2026-08-18 14:00:00,2026-08-20 04:59:33,35.4,3.6,1,완료
S0040,계약,3,2026-08-20 04:59:33,2026-08-21 12:36:12,30.2,1.5,0,완료
S0040,상품 등록,4,2026-08-21 12:36:12,2026-08-23 00:45:47,30.3,5.8,0,완료
S0040,판매 준비 완료,5,2026-08-23 00:45:47,2026-08-25 02:37:28,48.1,1.8,0,완료
S0086,신청,1,2026-08-18 14:00:00,2026-08-18 14:00:00,0.0,0.3,0,완료
S0086,서류 확인,2,2026-08-18 14:00:00,2026-08-19 18:03:06,25.1,2.9,0,완료
S0086,계약,3,2026-08-19 18:03:06,2026-08-20 18:40:53,23.3,1.3,0,완료
S0086,상품 등록,4,2026-08-20 18:40:53,2026-08-22 14:32:56,36.2,7.7,1,완료
S0086,판매 준비 완료,5,2026-08-22 14:32:56,2026-08-23 08:26:43,15.6,2.3,0,완료
S0083,신청,1,2026-08-18 16:00:00,2026-08-18 16:00:00,0.0,0.3,0,완료
S0083,서류 확인,2,2026-08-18 16:00:00,2026-08-19 16:28:04,20.5,3.9,1,완료
S0083,계약,3,2026-08-19 16:28:04,2026-08-20 18:07:06,24.1,1.6,0,완료
S0083,상품 등록,4,2026-08-20 18:07:06,2026-08-23 03:48:43,52.3,5.4,0,완료
S0083,판매 준비 완료,5,2026-08-23 03:48:43,2026-08-24 07:27:36,24.9,2.8,0,완료
S0160,신청,1,2026-08-19 10:00:00,2026-08-19 10:00:00,0.0,0.3,0,완료
S0160,서류 확인,2,2026-08-19 10:00:00,2026-08-20 14:52:39,27.2,1.6,0,완료
S0160,계약,3,2026-08-20 14:52:39,2026-08-21 18:27:59,26.2,1.4,0,완료
S0160,상품 등록,4,2026-08-21 18:27:59,2026-08-23 06:59:40,33.0,3.5,0,완료
S0160,판매 준비 완료,5,2026-08-23 06:59:40,2026-08-24 11:56:47,27.3,1.6,0,완료
S0186,신청,1,2026-08-19 10:00:00,2026-08-19 10:00:00,0.0,0.3,0,완료
S0186,서류 확인,2,2026-08-19 10:00:00,2026-08-21 01:41:06,37.2,2.5,0,완료
S0186,계약,3,2026-08-21 01:41:06,2026-08-22 06:29:18,27.1,1.7,0,완료
S0186,상품 등록,4,2026-08-22 06:29:18,,1091.5,,0,진행 중
S0139,신청,1,2026-08-19 11:00:00,2026-08-19 11:00:00,0.0,0.3,0,완료
S0139,서류 확인,2,2026-08-19 11:00:00,2026-08-21 13:08:15,48.8,1.3,0,완료
S0139,계약,3,2026-08-21 13:08:15,2026-08-22 12:58:39,22.6,1.3,0,완료
S0139,상품 등록,4,2026-08-22 12:58:39,2026-08-25 10:40:26,64.3,5.4,0,완료
S0139,판매 준비 완료,5,2026-08-25 10:40:26,2026-08-27 10:06:43,45.6,1.9,0,완료
S0064,신청,1,2026-08-19 15:00:00,2026-08-19 15:00:00,0.0,0.3,0,완료
S0064,서류 확인,2,2026-08-19 15:00:00,2026-08-20 15:11:21,20.5,3.7,1,완료
S0064,계약,3,2026-08-20 15:11:21,2026-08-21 16:20:01,24.1,1.1,0,완료
S0064,상품 등록,4,2026-08-21 16:20:01,2026-08-24 22:16:02,72.9,5.0,0,완료
S0064,판매 준비 완료,5,2026-08-24 22:16:02,2026-08-26 11:40:47,35.2,2.2,0,완료
S0120,신청,1,2026-08-19 15:00:00,2026-08-19 15:00:00,0.0,0.3,0,완료
S0120,서류 확인,2,2026-08-19 15:00:00,2026-08-20 23:26:06,30.0,2.4,0,완료
S0120,계약,3,2026-08-20 23:26:06,2026-08-22 00:40:54,24.0,1.3,0,완료
S0120,상품 등록,4,2026-08-22 00:40:54,2026-08-23 22:13:55,39.7,5.9,0,완료
S0120,판매 준비 완료,5,2026-08-23 22:13:55,2026-08-24 19:43:20,19.6,1.9,0,완료
S0047,신청,1,2026-08-19 16:00:00,2026-08-19 16:00:00,0.0,0.3,0,완료
S0047,서류 확인,2,2026-08-19 16:00:00,2026-08-20 14:42:53,18.4,4.3,1,완료
S0047,계약,3,2026-08-20 14:42:53,2026-08-21 16:55:35,24.6,1.6,0,완료
S0047,상품 등록,4,2026-08-21 16:55:35,2026-08-23 19:41:24,48.2,2.5,0,완료
S0047,판매 준비 완료,5,2026-08-23 19:41:24,2026-08-25 12:29:12,38.9,1.9,0,완료
S0010,신청,1,2026-08-20 09:00:00,2026-08-20 09:00:00,0.0,0.3,0,완료
S0010,서류 확인,2,2026-08-20 09:00:00,2026-08-21 18:25:17,31.4,2.0,0,완료
S0010,계약,3,2026-08-21 18:25:17,2026-08-23 04:14:51,32.0,1.8,0,완료
S0010,상품 등록,4,2026-08-23 04:14:51,2026-08-26 12:06:05,72.6,7.2,0,완료
S0010,판매 준비 완료,5,2026-08-26 12:06:05,2026-08-27 14:13:30,24.3,1.9,0,완료
S0207,신청,1,2026-08-20 09:00:00,2026-08-20 09:00:00,0.0,0.3,0,완료
S0207,서류 확인,2,2026-08-20 09:00:00,2026-08-21 13:32:03,26.7,1.9,0,완료
S0207,계약,3,2026-08-21 13:32:03,2026-08-22 16:18:14,25.0,1.8,0,완료
S0207,상품 등록,4,2026-08-22 16:18:14,2026-08-24 03:21:43,31.2,3.9,0,완료
S0207,판매 준비 완료,5,2026-08-24 03:21:43,2026-08-25 12:40:40,31.2,2.1,0,완료
S0011,신청,1,2026-08-20 10:00:00,2026-08-20 10:00:00,0.0,0.3,0,완료
S0011,서류 확인,2,2026-08-20 10:00:00,2026-08-21 14:19:16,24.0,4.4,1,완료
S0011,계약,3,2026-08-21 14:19:16,2026-08-22 15:44:20,24.4,1.1,0,완료
S0011,상품 등록,4,2026-08-22 15:44:20,2026-08-25 01:55:29,54.2,4.0,0,완료
S0011,판매 준비 완료,5,2026-08-25 01:55:29,2026-08-26 01:00:23,21.7,1.4,0,완료
S0201,신청,1,2026-08-20 10:00:00,2026-08-20 10:00:00,0.0,0.3,0,완료
S0201,서류 확인,2,2026-08-20 10:00:00,2026-08-22 16:04:47,50.0,4.1,1,완료
S0201,계약,3,2026-08-22 16:04:47,2026-08-23 13:23:20,20.0,1.3,0,완료
S0201,상품 등록,4,2026-08-23 13:23:20,2026-08-25 05:21:04,33.9,6.1,0,완료
S0201,판매 준비 완료,5,2026-08-25 05:21:04,2026-08-26 15:44:11,33.0,1.4,0,완료
S0068,신청,1,2026-08-20 11:00:00,2026-08-20 11:00:00,0.0,0.3,0,완료
S0068,서류 확인,2,2026-08-20 11:00:00,2026-08-22 12:25:11,47.5,1.9,0,완료
S0068,계약,3,2026-08-22 12:25:11,2026-08-24 08:58:35,42.9,1.6,0,완료
S0068,상품 등록,4,2026-08-24 08:58:35,2026-08-27 10:05:54,67.5,5.6,0,완료
S0068,판매 준비 완료,5,2026-08-27 10:05:54,2026-08-29 02:59:45,39.4,1.5,0,완료
S0136,신청,1,2026-08-20 11:00:00,2026-08-20 11:00:00,0.0,0.3,0,완료
S0136,서류 확인,2,2026-08-20 11:00:00,2026-08-21 15:41:27,25.7,3.0,0,완료
S0136,계약,3,2026-08-21 15:41:27,2026-08-22 04:43:03,11.5,1.5,0,완료
S0136,상품 등록,4,2026-08-22 04:43:03,2026-08-24 06:34:20,44.9,5.0,0,완료
S0136,판매 준비 완료,5,2026-08-24 06:34:20,2026-08-25 01:50:45,17.0,2.3,0,완료
S0034,신청,1,2026-08-20 12:00:00,2026-08-20 12:00:00,0.0,0.3,0,완료
S0034,서류 확인,2,2026-08-20 12:00:00,2026-08-21 12:48:13,22.6,2.2,0,완료
S0034,계약,3,2026-08-21 12:48:13,,1109.2,,0,진행 중
S0158,신청,1,2026-08-20 12:00:00,2026-08-20 12:00:00,0.0,0.3,0,완료
S0158,서류 확인,2,2026-08-20 12:00:00,2026-08-21 22:22:03,32.0,2.4,0,완료
S0158,계약,3,2026-08-21 22:22:03,2026-08-22 16:06:29,16.1,1.7,0,완료
S0158,상품 등록,4,2026-08-22 16:06:29,2026-08-24 18:39:26,46.6,4.0,0,완료
S0158,판매 준비 완료,5,2026-08-24 18:39:26,2026-08-26 00:23:01,28.4,1.4,0,완료
S0211,신청,1,2026-08-20 12:00:00,2026-08-20 12:00:00,0.0,0.3,0,완료
S0211,서류 확인,2,2026-08-20 12:00:00,2026-08-22 17:49:14,49.4,4.4,1,완료
S0211,계약,3,2026-08-22 17:49:14,2026-08-24 15:37:01,43.8,2.0,0,완료
S0211,상품 등록,4,2026-08-24 15:37:01,2026-08-27 07:41:27,57.2,6.9,1,완료
S0211,판매 준비 완료,5,2026-08-27 07:41:27,2026-08-29 04:53:37,43.5,1.7,0,완료
S0088,신청,1,2026-08-20 13:00:00,2026-08-20 13:00:00,0.0,0.3,0,완료
S0088,서류 확인,2,2026-08-20 13:00:00,2026-08-22 11:45:06,43.6,3.2,0,완료
S0088,계약,3,2026-08-22 11:45:06,2026-08-24 00:28:36,35.1,1.6,0,완료
S0088,상품 등록,4,2026-08-24 00:28:36,2026-08-27 03:39:20,70.8,4.4,0,완료
S0088,판매 준비 완료,5,2026-08-27 03:39:20,2026-08-28 10:41:03,29.6,1.4,0,완료
S0090,신청,1,2026-08-20 14:00:00,2026-08-20 14:00:00,0.0,0.3,0,완료
S0090,서류 확인,2,2026-08-20 14:00:00,2026-08-21 09:53:11,18.5,1.4,0,완료
S0090,계약,3,2026-08-21 09:53:11,2026-08-22 08:24:07,21.0,1.5,0,완료
S0090,상품 등록,4,2026-08-22 08:24:07,2026-08-24 00:10:58,32.2,7.5,0,완료
S0090,판매 준비 완료,5,2026-08-24 00:10:58,2026-08-24 15:38:57,13.9,1.6,0,완료
S0222,신청,1,2026-08-20 14:00:00,2026-08-20 14:00:00,0.0,0.3,0,완료
S0222,서류 확인,2,2026-08-20 14:00:00,2026-08-22 03:16:24,35.9,1.4,0,완료
S0222,계약,3,2026-08-22 03:16:24,2026-08-23 14:46:25,34.1,1.4,0,완료
S0222,상품 등록,4,2026-08-23 14:46:25,2026-08-26 15:10:00,68.2,4.2,0,완료
S0222,판매 준비 완료,5,2026-08-26 15:10:00,2026-08-28 18:07:36,48.8,2.2,0,완료
S0093,신청,1,2026-08-21 09:00:00,2026-08-21 09:00:00,0.0,0.3,0,완료
S0093,서류 확인,2,2026-08-21 09:00:00,2026-08-23 12:50:02,50.2,1.6,0,완료
S0093,계약,3,2026-08-23 12:50:02,2026-08-24 20:06:30,29.7,1.6,0,완료
S0093,상품 등록,4,2026-08-24 20:06:30,2026-08-27 05:41:23,51.2,6.4,0,완료
S0093,판매 준비 완료,5,2026-08-27 05:41:23,2026-08-28 13:24:49,29.0,2.7,0,완료
S0175,신청,1,2026-08-21 09:00:00,2026-08-21 09:00:00,0.0,0.3,0,완료
S0175,서류 확인,2,2026-08-21 09:00:00,2026-08-23 10:32:39,44.4,5.2,2,완료
S0175,계약,3,2026-08-23 10:32:39,2026-08-24 11:04:14,23.5,1.0,0,완료
S0175,상품 등록,4,2026-08-24 11:04:14,2026-08-26 10:50:43,42.3,5.4,0,완료
S0175,판매 준비 완료,5,2026-08-26 10:50:43,2026-08-27 15:04:13,26.2,2.1,0,완료
S0075,신청,1,2026-08-21 11:00:00,2026-08-21 11:00:00,0.0,0.3,0,완료
S0075,서류 확인,2,2026-08-21 11:00:00,2026-08-22 15:23:35,26.6,1.8,0,완료
S0075,계약,3,2026-08-22 15:23:35,2026-08-23 09:58:02,17.6,1.0,0,완료
S0075,상품 등록,4,2026-08-23 09:58:02,2026-08-26 08:30:28,66.8,3.7,0,완료
S0075,판매 준비 완료,5,2026-08-26 08:30:28,2026-08-27 14:16:11,27.6,2.1,0,완료
S0079,신청,1,2026-08-21 14:00:00,2026-08-21 14:00:00,0.0,0.3,0,완료
S0079,서류 확인,2,2026-08-21 14:00:00,2026-08-23 03:56:50,33.9,4.0,1,완료
S0079,계약,3,2026-08-23 03:56:50,2026-08-24 19:31:39,38.4,1.2,0,완료
S0079,상품 등록,4,2026-08-24 19:31:39,2026-08-27 23:35:36,69.4,6.7,0,완료
S0079,판매 준비 완료,5,2026-08-27 23:35:36,2026-08-29 19:32:39,41.6,2.3,0,완료
S0102,신청,1,2026-08-21 15:00:00,2026-08-21 15:00:00,0.0,0.3,0,완료
S0102,서류 확인,2,2026-08-21 15:00:00,2026-08-23 15:32:09,44.8,3.8,1,완료
S0102,계약,3,2026-08-23 15:32:09,2026-08-24 03:16:37,10.5,1.3,0,완료
S0102,상품 등록,4,2026-08-24 03:16:37,2026-08-25 07:58:55,23.8,4.9,0,완료
S0102,판매 준비 완료,5,2026-08-25 07:58:55,2026-08-25 22:57:20,13.6,1.4,0,완료
S0071,신청,1,2026-08-22 11:00:00,2026-08-22 11:00:00,0.0,0.3,0,완료
S0071,서류 확인,2,2026-08-22 11:00:00,2026-08-24 03:49:45,38.5,2.3,0,완료
S0071,계약,3,2026-08-24 03:49:45,2026-08-25 01:02:29,20.4,0.8,0,완료
S0071,상품 등록,4,2026-08-25 01:02:29,2026-08-27 15:05:53,56.8,5.2,0,완료
S0071,판매 준비 완료,5,2026-08-27 15:05:53,2026-08-28 16:16:39,22.5,2.7,0,완료
S0074,신청,1,2026-08-22 11:00:00,2026-08-22 11:00:00,0.0,0.3,0,완료
S0074,서류 확인,2,2026-08-22 11:00:00,2026-08-24 08:13:32,42.8,2.4,0,완료
S0074,계약,3,2026-08-24 08:13:32,2026-08-25 19:16:17,33.4,1.7,0,완료
S0074,상품 등록,4,2026-08-25 19:16:17,2026-08-28 22:11:23,67.7,7.2,0,완료
S0074,판매 준비 완료,5,2026-08-28 22:11:23,2026-08-30 11:12:56,35.4,1.6,0,완료
S0138,신청,1,2026-08-22 11:00:00,2026-08-22 11:00:00,0.0,0.3,0,완료
S0138,서류 확인,2,2026-08-22 11:00:00,2026-08-24 04:48:48,39.7,2.1,0,완료
S0138,계약,3,2026-08-24 04:48:48,2026-08-25 16:15:54,34.1,1.4,0,완료
S0138,상품 등록,4,2026-08-25 16:15:54,2026-08-28 00:26:59,49.6,6.5,1,완료
S0138,판매 준비 완료,5,2026-08-28 00:26:59,2026-08-29 11:39:16,33.5,1.7,0,완료
S0103,신청,1,2026-08-22 14:00:00,2026-08-22 14:00:00,0.0,0.3,0,완료
S0103,서류 확인,2,2026-08-22 14:00:00,2026-08-24 02:49:55,33.9,2.9,0,완료
S0103,계약,3,2026-08-24 02:49:55,2026-08-25 01:42:36,21.3,1.6,0,완료
S0103,상품 등록,4,2026-08-25 01:42:36,2026-08-28 01:44:03,65.1,6.9,0,완료
S0103,판매 준비 완료,5,2026-08-28 01:44:03,2026-08-28 18:32:54,14.7,2.1,0,완료
S0115,신청,1,2026-08-24 10:00:00,2026-08-24 10:00:00,0.0,0.3,0,완료
S0115,서류 확인,2,2026-08-24 10:00:00,2026-08-25 12:03:20,21.9,4.2,1,완료
S0115,계약,3,2026-08-25 12:03:20,2026-08-26 07:43:18,18.0,1.6,0,완료
S0115,상품 등록,4,2026-08-26 07:43:18,2026-08-28 15:45:27,47.6,8.4,1,완료
S0115,판매 준비 완료,5,2026-08-28 15:45:27,2026-08-29 16:51:01,23.3,1.8,0,완료
S0128,신청,1,2026-08-24 10:00:00,2026-08-24 10:00:00,0.0,0.3,0,완료
S0128,서류 확인,2,2026-08-24 10:00:00,,1040.0,,0,진행 중
S0004,신청,1,2026-08-24 11:00:00,2026-08-24 11:00:00,0.0,0.3,0,완료
S0004,서류 확인,2,2026-08-24 11:00:00,2026-08-25 13:30:50,23.1,3.4,0,완료
S0004,계약,3,2026-08-25 13:30:50,,1012.5,,0,진행 중
S0129,신청,1,2026-08-24 12:00:00,2026-08-24 12:00:00,0.0,0.3,0,완료
S0129,서류 확인,2,2026-08-24 12:00:00,2026-08-26 12:22:41,46.3,2.1,0,완료
S0129,계약,3,2026-08-26 12:22:41,2026-08-27 08:48:34,19.0,1.4,0,완료
S0129,상품 등록,4,2026-08-27 08:48:34,2026-08-29 00:01:37,33.3,5.9,0,완료
S0129,판매 준비 완료,5,2026-08-29 00:01:37,2026-08-29 18:59:35,16.7,2.3,0,완료
S0096,신청,1,2026-08-24 14:00:00,2026-08-24 14:00:00,0.0,0.3,0,완료
S0096,서류 확인,2,2026-08-24 14:00:00,2026-08-26 14:42:35,45.6,3.2,1,완료
S0096,계약,3,2026-08-26 14:42:35,2026-08-27 13:01:24,21.1,1.2,0,완료
S0096,상품 등록,4,2026-08-27 13:01:24,2026-08-30 09:38:07,59.9,8.7,1,완료
S0096,판매 준비 완료,5,2026-08-30 09:38:07,2026-09-01 02:18:05,38.6,2.1,0,완료
S0164,신청,1,2026-08-24 14:00:00,2026-08-24 14:00:00,0.0,0.3,0,완료
S0164,서류 확인,2,2026-08-24 14:00:00,2026-08-26 07:51:16,39.1,2.8,0,완료
S0164,계약,3,2026-08-26 07:51:16,2026-08-26 23:49:46,14.3,1.6,0,완료
S0164,상품 등록,4,2026-08-26 23:49:46,2026-08-28 17:43:51,35.8,6.1,0,완료
S0164,판매 준비 완료,5,2026-08-28 17:43:51,2026-08-30 01:29:27,29.8,2.0,0,완료
S0153,신청,1,2026-08-24 15:00:00,2026-08-24 15:00:00,0.0,0.3,0,완료
S0153,서류 확인,2,2026-08-24 15:00:00,2026-08-26 08:40:16,35.3,6.4,2,완료
S0153,계약,3,2026-08-26 08:40:16,2026-08-27 22:28:46,36.8,1.0,0,완료
S0153,상품 등록,4,2026-08-27 22:28:46,2026-08-30 23:50:26,65.9,7.4,1,완료
S0153,판매 준비 완료,5,2026-08-30 23:50:26,2026-09-01 01:36:21,23.8,2.0,0,완료
S0002,신청,1,2026-08-25 09:00:00,2026-08-25 09:00:00,0.0,0.3,0,완료
S0002,서류 확인,2,2026-08-25 09:00:00,2026-08-27 08:24:59,45.5,1.9,0,완료
S0002,계약,3,2026-08-27 08:24:59,2026-08-28 10:48:17,24.5,1.9,0,완료
S0002,상품 등록,4,2026-08-28 10:48:17,2026-08-30 09:29:21,37.5,9.1,1,완료
S0002,판매 준비 완료,5,2026-08-30 09:29:21,2026-08-31 11:20:48,23.5,2.3,0,완료
S0180,신청,1,2026-08-25 09:00:00,2026-08-25 09:00:00,0.0,0.3,0,완료
S0180,서류 확인,2,2026-08-25 09:00:00,2026-08-26 19:24:30,32.7,1.7,0,완료
S0180,계약,3,2026-08-26 19:24:30,2026-08-27 13:53:19,17.1,1.4,0,완료
S0180,상품 등록,4,2026-08-27 13:53:19,2026-08-29 07:55:31,35.7,6.4,0,완료
S0180,판매 준비 완료,5,2026-08-29 07:55:31,2026-08-30 16:33:07,30.7,1.9,0,완료
S0027,신청,1,2026-08-25 11:00:00,2026-08-25 11:00:00,0.0,0.3,0,완료
S0027,서류 확인,2,2026-08-25 11:00:00,2026-08-26 05:15:38,14.1,4.1,1,완료
S0027,계약,3,2026-08-26 05:15:38,2026-08-27 06:57:53,24.3,1.4,0,완료
S0027,상품 등록,4,2026-08-27 06:57:53,2026-08-29 00:22:33,35.6,5.9,0,완료
S0027,판매 준비 완료,5,2026-08-29 00:22:33,2026-08-29 11:19:44,8.8,2.1,0,완료
S0192,신청,1,2026-08-25 13:00:00,2026-08-25 13:00:00,0.0,0.3,0,완료
S0192,서류 확인,2,2026-08-25 13:00:00,2026-08-26 16:01:51,25.3,1.7,0,완료
S0192,계약,3,2026-08-26 16:01:51,2026-08-27 06:52:33,13.5,1.3,0,완료
S0192,상품 등록,4,2026-08-27 06:52:33,2026-08-28 16:28:34,27.3,6.3,0,완료
S0192,판매 준비 완료,5,2026-08-28 16:28:34,2026-08-29 20:59:59,26.1,2.4,0,완료
S0106,신청,1,2026-08-25 14:00:00,2026-08-25 14:00:00,0.0,0.3,0,완료
S0106,서류 확인,2,2026-08-25 14:00:00,2026-08-26 20:50:20,26.6,4.2,1,완료
S0106,계약,3,2026-08-26 20:50:20,2026-08-28 03:35:17,28.9,1.9,0,완료
S0106,상품 등록,4,2026-08-28 03:35:17,2026-08-30 10:23:36,52.2,2.7,0,완료
S0106,판매 준비 완료,5,2026-08-30 10:23:36,2026-08-31 20:30:19,32.1,2.1,0,완료
S0232,신청,1,2026-08-25 15:00:00,2026-08-25 15:00:00,0.0,0.3,0,완료
S0232,서류 확인,2,2026-08-25 15:00:00,2026-08-27 13:38:09,44.3,2.3,0,완료
S0232,계약,3,2026-08-27 13:38:09,2026-08-28 13:57:25,22.9,1.4,0,완료
S0232,상품 등록,4,2026-08-28 13:57:25,2026-08-30 10:26:16,39.3,5.2,0,완료
S0232,판매 준비 완료,5,2026-08-30 10:26:16,2026-08-31 15:20:38,27.3,1.6,0,완료
S0230,신청,1,2026-08-26 09:00:00,2026-08-26 09:00:00,0.0,0.3,0,완료
S0230,서류 확인,2,2026-08-26 09:00:00,2026-08-28 09:41:42,44.7,4.0,1,완료
S0230,계약,3,2026-08-28 09:41:42,2026-08-29 15:05:39,28.3,1.1,0,완료
S0230,상품 등록,4,2026-08-29 15:05:39,2026-08-31 12:44:03,37.6,8.0,1,완료
S0230,판매 준비 완료,5,2026-08-31 12:44:03,,869.3,,0,진행 중
S0126,신청,1,2026-08-26 10:00:00,2026-08-26 10:00:00,0.0,0.3,0,완료
S0126,서류 확인,2,2026-08-26 10:00:00,2026-08-27 19:10:28,29.1,4.1,1,완료
S0126,계약,3,2026-08-27 19:10:28,2026-08-29 02:09:29,29.4,1.6,0,완료
S0126,상품 등록,4,2026-08-29 02:09:29,2026-09-01 00:08:16,64.1,5.8,0,완료
S0126,판매 준비 완료,5,2026-09-01 00:08:16,2026-09-02 14:04:41,35.3,2.6,0,완료
S0028,신청,1,2026-08-26 12:00:00,2026-08-26 12:00:00,0.0,0.3,0,완료
S0028,서류 확인,2,2026-08-26 12:00:00,2026-08-27 20:48:18,29.2,3.6,1,완료
S0028,계약,3,2026-08-27 20:48:18,2026-08-29 03:35:50,29.7,1.1,0,완료
S0028,상품 등록,4,2026-08-29 03:35:50,2026-08-31 12:56:04,52.7,4.6,0,완료
S0028,판매 준비 완료,5,2026-08-31 12:56:04,2026-09-01 11:27:34,20.6,1.9,0,완료
S0077,신청,1,2026-08-26 12:00:00,2026-08-26 12:00:00,0.0,0.3,0,완료
S0077,서류 확인,2,2026-08-26 12:00:00,2026-08-27 12:02:49,22.4,1.6,0,완료
S0077,계약,3,2026-08-27 12:02:49,2026-08-28 22:10:31,32.8,1.3,0,완료
S0077,상품 등록,4,2026-08-28 22:10:31,2026-08-31 05:15:06,48.2,6.8,1,완료
S0077,판매 준비 완료,5,2026-08-31 05:15:06,2026-09-01 12:30:59,29.0,2.3,0,완료
S0161,신청,1,2026-08-26 15:00:00,2026-08-26 15:00:00,0.0,0.3,0,완료
S0161,서류 확인,2,2026-08-26 15:00:00,2026-08-27 19:33:33,26.5,2.1,0,완료
S0161,계약,3,2026-08-27 19:33:33,2026-08-28 09:34:48,12.5,1.6,0,완료
S0161,상품 등록,4,2026-08-28 09:34:48,2026-08-30 05:10:09,36.4,7.2,1,완료
S0161,판매 준비 완료,5,2026-08-30 05:10:09,2026-08-30 19:17:41,12.6,1.5,0,완료
S0214,신청,1,2026-08-27 13:00:00,2026-08-27 13:00:00,0.0,0.3,0,완료
S0214,서류 확인,2,2026-08-27 13:00:00,2026-08-28 11:15:46,19.7,2.5,0,완료
S0214,계약,3,2026-08-28 11:15:46,2026-08-29 03:07:34,14.8,1.0,0,완료
S0214,상품 등록,4,2026-08-29 03:07:34,2026-08-31 23:52:10,65.3,3.5,0,완료
S0214,판매 준비 완료,5,2026-08-31 23:52:10,2026-09-02 02:32:38,24.5,2.1,0,완료
S0061,신청,1,2026-08-27 15:00:00,2026-08-27 15:00:00,0.0,0.3,0,완료
S0061,서류 확인,2,2026-08-27 15:00:00,2026-08-28 15:03:50,22.5,1.5,0,완료
S0061,계약,3,2026-08-28 15:03:50,2026-08-29 15:49:38,23.8,1.0,0,완료
S0061,상품 등록,4,2026-08-29 15:49:38,2026-08-31 15:21:23,44.5,3.0,0,완료
S0061,판매 준비 완료,5,2026-08-31 15:21:23,,866.6,,0,진행 중
S0130,신청,1,2026-08-27 15:00:00,2026-08-27 15:00:00,0.0,0.3,0,완료
S0130,서류 확인,2,2026-08-27 15:00:00,2026-08-29 03:46:11,34.4,2.4,0,완료
S0130,계약,3,2026-08-29 03:46:11,2026-08-29 14:00:05,8.8,1.5,0,완료
S0130,상품 등록,4,2026-08-29 14:00:05,,916.0,,0,진행 중
S0131,신청,1,2026-08-27 15:00:00,2026-08-27 15:00:00,0.0,0.3,0,완료
S0131,서류 확인,2,2026-08-27 15:00:00,2026-08-28 21:12:43,29.0,1.2,0,완료
S0131,계약,3,2026-08-28 21:12:43,2026-08-29 18:57:58,20.3,1.5,0,완료
S0131,상품 등록,4,2026-08-29 18:57:58,2026-08-31 14:39:46,38.6,5.1,0,완료
S0131,판매 준비 완료,5,2026-08-31 14:39:46,2026-09-02 01:03:43,32.5,1.9,0,완료
S0199,신청,1,2026-08-28 10:00:00,2026-08-28 10:00:00,0.0,0.3,0,완료
S0199,서류 확인,2,2026-08-28 10:00:00,2026-08-29 05:32:26,16.9,2.6,0,완료
S0199,계약,3,2026-08-29 05:32:26,2026-08-30 01:26:35,18.1,1.8,0,완료
S0199,상품 등록,4,2026-08-30 01:26:35,2026-08-31 19:21:53,34.6,7.3,1,완료
S0199,판매 준비 완료,5,2026-08-31 19:21:53,2026-09-01 05:10:05,8.0,1.8,0,완료
S0060,신청,1,2026-08-28 12:00:00,2026-08-28 12:00:00,0.0,0.3,0,완료
S0060,서류 확인,2,2026-08-28 12:00:00,2026-08-30 02:26:13,34.0,4.4,1,완료
S0060,계약,3,2026-08-30 02:26:13,2026-08-30 23:32:48,19.7,1.4,0,완료
S0060,상품 등록,4,2026-08-30 23:32:48,2026-09-02 08:22:10,50.4,6.5,0,완료
S0060,판매 준비 완료,5,2026-09-02 08:22:10,2026-09-03 08:53:37,22.1,2.4,0,완료
S0221,신청,1,2026-08-28 12:00:00,2026-08-28 12:00:00,0.0,0.3,0,완료
S0221,서류 확인,2,2026-08-28 12:00:00,2026-08-29 12:21:47,22.0,2.4,0,완료
S0221,계약,3,2026-08-29 12:21:47,2026-08-30 05:26:55,15.7,1.4,0,완료
S0221,상품 등록,4,2026-08-30 05:26:55,2026-09-01 06:33:53,42.6,6.5,0,완료
S0221,판매 준비 완료,5,2026-09-01 06:33:53,2026-09-02 06:08:54,21.5,2.1,0,완료
S0237,신청,1,2026-08-29 09:00:00,2026-08-29 09:00:00,0.0,0.3,0,완료
S0237,서류 확인,2,2026-08-29 09:00:00,2026-08-30 15:38:55,27.8,2.9,0,완료
S0237,계약,3,2026-08-30 15:38:55,2026-08-31 15:51:09,22.7,1.5,0,완료
S0237,상품 등록,4,2026-08-31 15:51:09,2026-09-02 14:23:21,42.1,4.5,0,완료
S0237,판매 준비 완료,5,2026-09-02 14:23:21,2026-09-03 18:17:41,25.7,2.2,0,완료
S0045,신청,1,2026-08-29 11:00:00,2026-08-29 11:00:00,0.0,0.3,0,완료
S0045,서류 확인,2,2026-08-29 11:00:00,2026-08-31 15:44:44,50.8,1.9,0,완료
S0045,계약,3,2026-08-31 15:44:44,2026-09-02 06:42:29,37.8,1.2,0,완료
S0045,상품 등록,4,2026-09-02 06:42:29,,827.3,,1,진행 중
S0181,신청,1,2026-08-29 13:00:00,2026-08-29 13:00:00,0.0,0.3,0,완료
S0181,서류 확인,2,2026-08-29 13:00:00,2026-08-30 08:52:08,17.2,2.6,0,완료
S0181,계약,3,2026-08-30 08:52:08,2026-08-31 21:12:05,34.9,1.4,0,완료
S0181,상품 등록,4,2026-08-31 21:12:05,2026-09-02 17:55:35,37.8,6.9,0,완료
S0181,판매 준비 완료,5,2026-09-02 17:55:35,2026-09-03 23:07:21,27.2,2.0,0,완료
S0229,신청,1,2026-08-29 15:00:00,2026-08-29 15:00:00,0.0,0.3,0,완료
S0229,서류 확인,2,2026-08-29 15:00:00,2026-08-30 23:17:16,28.8,3.5,1,완료
S0229,계약,3,2026-08-30 23:17:16,2026-09-01 01:54:50,25.2,1.4,0,완료
S0229,상품 등록,4,2026-09-01 01:54:50,2026-09-03 16:20:51,57.0,5.4,0,완료
S0229,판매 준비 완료,5,2026-09-03 16:20:51,2026-09-04 20:17:48,26.2,1.7,0,완료
S0020,신청,1,2026-08-29 16:00:00,2026-08-29 16:00:00,0.0,0.3,0,완료
S0020,서류 확인,2,2026-08-29 16:00:00,,914.0,,0,진행 중
S0162,신청,1,2026-08-30 09:00:00,2026-08-30 09:00:00,0.0,0.3,0,완료
S0162,서류 확인,2,2026-08-30 09:00:00,2026-09-01 13:26:43,50.2,2.3,0,완료
S0162,계약,3,2026-09-01 13:26:43,2026-09-03 05:46:03,39.1,1.3,0,완료
S0162,상품 등록,4,2026-09-03 05:46:03,2026-09-05 21:38:37,57.7,6.2,0,완료
S0162,판매 준비 완료,5,2026-09-05 21:38:37,2026-09-07 14:24:05,38.7,2.0,0,완료
S0189,신청,1,2026-08-30 09:00:00,2026-08-30 09:00:00,0.0,0.3,0,완료
S0189,서류 확인,2,2026-08-30 09:00:00,2026-09-01 00:06:50,37.6,1.6,0,완료
S0189,계약,3,2026-09-01 00:06:50,2026-09-01 18:56:37,17.5,1.4,0,완료
S0189,상품 등록,4,2026-09-01 18:56:37,2026-09-02 14:43:04,15.4,4.4,0,완료
S0189,판매 준비 완료,5,2026-09-02 14:43:04,2026-09-03 20:41:01,28.0,1.9,0,완료
S0134,신청,1,2026-08-30 10:00:00,2026-08-30 10:00:00,0.0,0.3,0,완료
S0134,서류 확인,2,2026-08-30 10:00:00,2026-08-31 07:23:38,19.1,2.3,0,완료
S0134,계약,3,2026-08-31 07:23:38,2026-09-01 14:54:25,29.7,1.8,0,완료
S0134,상품 등록,4,2026-09-01 14:54:25,2026-09-03 20:37:59,46.1,7.6,1,완료
S0134,판매 준비 완료,5,2026-09-03 20:37:59,2026-09-04 06:45:42,8.3,1.8,0,완료
S0049,신청,1,2026-08-30 11:00:00,2026-08-30 11:00:00,0.0,0.3,0,완료
S0049,서류 확인,2,2026-08-30 11:00:00,2026-08-31 12:35:09,23.3,2.3,0,완료
S0049,계약,3,2026-08-31 12:35:09,2026-09-01 16:55:06,27.1,1.2,0,완료
S0049,상품 등록,4,2026-09-01 16:55:06,2026-09-05 07:25:19,79.1,7.4,1,완료
S0049,판매 준비 완료,5,2026-09-05 07:25:19,2026-09-06 08:14:06,23.0,1.8,0,완료
S0135,신청,1,2026-08-30 11:00:00,2026-08-30 11:00:00,0.0,0.3,0,완료
S0135,서류 확인,2,2026-08-30 11:00:00,2026-08-31 21:50:44,33.2,1.7,0,완료
S0135,계약,3,2026-08-31 21:50:44,2026-09-01 20:20:34,21.5,1.0,0,완료
S0135,상품 등록,4,2026-09-01 20:20:34,2026-09-03 23:17:57,45.4,5.6,0,완료
S0135,판매 준비 완료,5,2026-09-03 23:17:57,2026-09-05 04:05:01,26.4,2.3,0,완료
S0101,신청,1,2026-08-31 09:00:00,2026-08-31 09:00:00,0.0,0.3,0,완료
S0101,서류 확인,2,2026-08-31 09:00:00,2026-09-01 10:50:38,23.8,2.0,0,완료
S0101,계약,3,2026-09-01 10:50:38,2026-09-02 16:48:21,28.5,1.4,0,완료
S0101,상품 등록,4,2026-09-02 16:48:21,2026-09-05 04:54:02,52.3,7.8,0,완료
S0101,판매 준비 완료,5,2026-09-05 04:54:02,2026-09-06 13:12:51,30.8,1.6,0,완료
S0146,신청,1,2026-08-31 10:00:00,2026-08-31 10:00:00,0.0,0.3,0,완료
S0146,서류 확인,2,2026-08-31 10:00:00,2026-09-01 09:09:41,21.1,2.0,0,완료
S0146,계약,3,2026-09-01 09:09:41,2026-09-02 13:41:50,27.3,1.3,0,완료
S0146,상품 등록,4,2026-09-02 13:41:50,2026-09-03 16:10:30,21.5,5.0,0,완료
S0146,판매 준비 완료,5,2026-09-03 16:10:30,2026-09-04 12:55:33,18.7,2.0,0,완료
S0155,신청,1,2026-08-31 14:00:00,2026-08-31 14:00:00,0.0,0.3,0,완료
S0155,서류 확인,2,2026-08-31 14:00:00,2026-09-01 12:24:54,19.3,3.1,0,완료
S0155,계약,3,2026-09-01 12:24:54,2026-09-02 04:37:50,14.3,1.9,0,완료
S0155,상품 등록,4,2026-09-02 04:37:50,2026-09-04 03:38:22,41.7,5.4,0,완료
S0155,판매 준비 완료,5,2026-09-04 03:38:22,2026-09-05 07:48:51,26.2,2.0,0,완료
S0109,신청,1,2026-09-01 09:00:00,2026-09-01 09:00:00,0.0,0.3,0,완료
S0109,서류 확인,2,2026-09-01 09:00:00,2026-09-03 06:15:19,43.2,2.1,0,완료
S0109,계약,3,2026-09-03 06:15:19,2026-09-04 10:00:08,26.2,1.6,0,완료
S0109,상품 등록,4,2026-09-04 10:00:08,2026-09-07 17:41:40,72.7,7.0,0,완료
S0109,판매 준비 완료,5,2026-09-07 17:41:40,2026-09-08 20:51:08,24.9,2.3,0,완료
S0154,신청,1,2026-09-01 09:00:00,2026-09-01 09:00:00,0.0,0.3,0,완료
S0154,서류 확인,2,2026-09-01 09:00:00,2026-09-02 18:30:46,31.3,2.2,0,완료
S0154,계약,3,2026-09-02 18:30:46,2026-09-03 18:23:59,22.2,1.7,0,완료
S0154,상품 등록,4,2026-09-03 18:23:59,2026-09-06 09:19:05,55.5,7.4,1,완료
S0154,판매 준비 완료,5,2026-09-06 09:19:05,2026-09-07 19:35:59,32.3,2.0,0,완료
S0132,신청,1,2026-09-01 13:00:00,2026-09-01 13:00:00,0.0,0.3,0,완료
S0132,서류 확인,2,2026-09-01 13:00:00,2026-09-03 03:56:08,36.6,2.3,0,완료
S0132,계약,3,2026-09-03 03:56:08,2026-09-04 06:45:58,25.6,1.3,0,완료
S0132,상품 등록,4,2026-09-04 06:45:58,2026-09-06 14:42:56,50.2,5.7,0,완료
S0132,판매 준비 완료,5,2026-09-06 14:42:56,2026-09-08 01:40:09,33.2,1.8,0,완료
S0226,신청,1,2026-09-01 13:00:00,2026-09-01 13:00:00,0.0,0.3,0,완료
S0226,서류 확인,2,2026-09-01 13:00:00,2026-09-02 14:00:04,20.3,4.7,2,완료
S0226,계약,3,2026-09-02 14:00:04,2026-09-03 15:46:35,23.9,1.9,0,완료
S0226,상품 등록,4,2026-09-03 15:46:35,2026-09-05 18:31:33,44.9,5.8,0,완료
S0226,판매 준비 완료,5,2026-09-05 18:31:33,2026-09-07 06:24:20,33.6,2.3,0,완료
S0200,신청,1,2026-09-01 15:00:00,2026-09-01 15:00:00,0.0,0.3,0,완료
S0200,서류 확인,2,2026-09-01 15:00:00,2026-09-02 17:07:33,24.7,1.5,0,완료
S0200,계약,3,2026-09-02 17:07:33,2026-09-03 16:14:22,22.0,1.1,0,완료
S0200,상품 등록,4,2026-09-03 16:14:22,2026-09-04 14:45:18,17.2,5.3,0,완료
S0200,판매 준비 완료,5,2026-09-04 14:45:18,2026-09-05 13:43:58,20.9,2.1,0,완료
S0233,신청,1,2026-09-01 15:00:00,2026-09-01 15:00:00,0.0,0.3,0,완료
S0233,서류 확인,2,2026-09-01 15:00:00,2026-09-03 12:50:07,43.7,2.1,0,완료
S0233,계약,3,2026-09-03 12:50:07,2026-09-04 13:44:29,23.6,1.3,0,완료
S0233,상품 등록,4,2026-09-04 13:44:29,2026-09-07 15:23:48,68.4,5.2,0,완료
S0233,판매 준비 완료,5,2026-09-07 15:23:48,2026-09-09 19:59:20,50.2,2.4,0,완료
S0149,신청,1,2026-09-01 16:00:00,2026-09-01 16:00:00,0.0,0.3,0,완료
S0149,서류 확인,2,2026-09-01 16:00:00,2026-09-03 22:11:53,51.4,2.8,0,완료
S0149,계약,3,2026-09-03 22:11:53,2026-09-05 16:10:50,40.6,1.4,0,완료
S0149,상품 등록,4,2026-09-05 16:10:50,2026-09-08 05:51:14,56.2,5.4,0,완료
S0149,판매 준비 완료,5,2026-09-08 05:51:14,2026-09-09 18:44:29,35.0,1.9,0,완료
S0204,신청,1,2026-09-01 16:00:00,2026-09-01 16:00:00,0.0,0.3,0,완료
S0204,서류 확인,2,2026-09-01 16:00:00,2026-09-03 06:35:33,36.7,1.9,0,완료
S0204,계약,3,2026-09-03 06:35:33,2026-09-04 18:03:16,34.3,1.2,0,완료
S0204,상품 등록,4,2026-09-04 18:03:16,,767.9,,1,진행 중
S0206,신청,1,2026-09-02 10:00:00,2026-09-02 10:00:00,0.0,0.3,0,완료
S0206,서류 확인,2,2026-09-02 10:00:00,2026-09-03 10:18:34,20.6,3.7,1,완료
S0206,계약,3,2026-09-03 10:18:34,2026-09-04 08:59:53,20.9,1.7,0,완료
S0206,상품 등록,4,2026-09-04 08:59:53,2026-09-05 00:29:16,10.3,5.2,0,완료
S0206,판매 준비 완료,5,2026-09-05 00:29:16,2026-09-05 15:28:50,12.9,2.1,0,완료
S0225,신청,1,2026-09-02 14:00:00,2026-09-02 14:00:00,0.0,0.3,0,완료
S0225,서류 확인,2,2026-09-02 14:00:00,2026-09-04 02:55:35,35.0,1.9,0,완료
S0225,계약,3,2026-09-04 02:55:35,2026-09-05 03:36:37,22.8,1.9,0,완료
S0225,상품 등록,4,2026-09-05 03:36:37,2026-09-06 20:36:13,36.4,4.6,0,완료
S0225,판매 준비 완료,5,2026-09-06 20:36:13,2026-09-07 21:18:43,23.1,1.6,0,완료
S0076,신청,1,2026-09-04 11:00:00,2026-09-04 11:00:00,0.0,0.3,0,완료
S0076,서류 확인,2,2026-09-04 11:00:00,,775.0,,0,진행 중
S0117,신청,1,2026-09-04 12:00:00,2026-09-04 12:00:00,0.0,0.3,0,완료
S0117,서류 확인,2,2026-09-04 12:00:00,2026-09-06 10:18:05,45.2,1.1,0,완료
S0117,계약,3,2026-09-06 10:18:05,2026-09-07 04:13:06,16.2,1.7,0,완료
S0117,상품 등록,4,2026-09-07 04:13:06,2026-09-09 08:04:44,45.7,6.2,0,완료
S0117,판매 준비 완료,5,2026-09-09 08:04:44,2026-09-10 08:27:23,22.6,1.8,0,완료
S0213,신청,1,2026-09-04 12:00:00,2026-09-04 12:00:00,0.0,0.3,0,완료
S0213,서류 확인,2,2026-09-04 12:00:00,2026-09-06 12:19:50,45.4,3.0,1,완료
S0213,계약,3,2026-09-06 12:19:50,2026-09-07 19:07:47,29.5,1.3,0,완료
S0213,상품 등록,4,2026-09-07 19:07:47,2026-09-10 04:03:23,50.7,6.2,0,완료
S0213,판매 준비 완료,5,2026-09-10 04:03:23,2026-09-11 05:20:46,23.6,1.7,0,완료
S0056,신청,1,2026-09-04 16:00:00,2026-09-04 16:00:00,0.0,0.3,0,완료
S0056,서류 확인,2,2026-09-04 16:00:00,2026-09-05 21:54:27,26.0,3.9,1,완료
S0056,계약,3,2026-09-05 21:54:27,2026-09-06 18:32:26,19.7,0.9,0,완료
S0056,상품 등록,4,2026-09-06 18:32:26,2026-09-08 18:53:13,43.0,5.3,0,완료
S0056,판매 준비 완료,5,2026-09-08 18:53:13,,671.1,,0,진행 중
S0220,신청,1,2026-09-04 16:00:00,2026-09-04 16:00:00,0.0,0.3,0,완료
S0220,서류 확인,2,2026-09-04 16:00:00,2026-09-06 18:33:07,47.1,3.4,1,완료
S0220,계약,3,2026-09-06 18:33:07,2026-09-08 12:13:07,39.9,1.8,0,완료
S0220,상품 등록,4,2026-09-08 12:13:07,2026-09-11 03:01:02,59.2,3.6,0,완료
S0220,판매 준비 완료,5,2026-09-11 03:01:02,2026-09-12 19:06:26,38.2,1.9,0,완료
S0182,신청,1,2026-09-05 12:00:00,2026-09-05 12:00:00,0.0,0.3,0,완료
S0182,서류 확인,2,2026-09-05 12:00:00,2026-09-07 09:59:24,42.9,3.0,0,완료
S0182,계약,3,2026-09-07 09:59:24,2026-09-08 22:19:44,34.6,1.7,0,완료
S0182,상품 등록,4,2026-09-08 22:19:44,2026-09-11 23:48:51,67.0,6.5,1,완료
S0182,판매 준비 완료,5,2026-09-11 23:48:51,2026-09-13 15:34:33,37.7,2.0,0,완료
S0033,신청,1,2026-09-05 14:00:00,2026-09-05 14:00:00,0.0,0.3,0,완료
S0033,서류 확인,2,2026-09-05 14:00:00,2026-09-06 13:37:16,19.7,3.9,1,완료
S0033,계약,3,2026-09-06 13:37:16,2026-09-07 00:00:26,9.0,1.4,0,완료
S0033,상품 등록,4,2026-09-07 00:00:26,2026-09-09 03:57:08,47.6,4.4,0,완료
S0033,판매 준비 완료,5,2026-09-09 03:57:08,2026-09-10 07:38:31,25.5,2.2,0,완료
S0141,신청,1,2026-09-05 15:00:00,2026-09-05 15:00:00,0.0,0.3,0,완료
S0141,서류 확인,2,2026-09-05 15:00:00,2026-09-06 23:03:03,28.6,3.5,0,완료
S0141,계약,3,2026-09-06 23:03:03,2026-09-07 23:07:56,23.0,1.1,0,완료
S0141,상품 등록,4,2026-09-07 23:07:56,2026-09-09 16:18:49,36.1,5.1,0,완료
S0141,판매 준비 완료,5,2026-09-09 16:18:49,2026-09-10 08:28:19,14.6,1.5,0,완료
S0016,신청,1,2026-09-06 10:00:00,2026-09-06 10:00:00,0.0,0.3,0,완료
S0016,서류 확인,2,2026-09-06 10:00:00,2026-09-07 10:25:09,22.2,2.3,0,완료
S0016,계약,3,2026-09-07 10:25:09,2026-09-08 10:30:51,23.2,0.9,0,완료
S0016,상품 등록,4,2026-09-08 10:30:51,2026-09-10 14:59:39,48.2,4.3,0,완료
S0016,판매 준비 완료,5,2026-09-10 14:59:39,2026-09-11 16:17:49,23.5,1.8,0,완료
S0238,신청,1,2026-09-06 10:00:00,2026-09-06 10:00:00,0.0,0.3,0,완료
S0238,서류 확인,2,2026-09-06 10:00:00,,728.0,,1,진행 중
S0099,신청,1,2026-09-06 12:00:00,2026-09-06 12:00:00,0.0,0.3,0,완료
S0099,서류 확인,2,2026-09-06 12:00:00,2026-09-08 00:26:35,34.6,1.8,0,완료
S0099,계약,3,2026-09-08 00:26:35,2026-09-09 17:52:05,39.6,1.8,0,완료
S0099,상품 등록,4,2026-09-09 17:52:05,2026-09-12 00:33:28,50.2,4.5,0,완료
S0099,판매 준비 완료,5,2026-09-12 00:33:28,2026-09-13 13:17:33,35.1,1.7,0,완료
S0193,신청,1,2026-09-06 15:00:00,2026-09-06 15:00:00,0.0,0.3,0,완료
S0193,서류 확인,2,2026-09-06 15:00:00,2026-09-07 23:33:12,28.2,4.4,1,완료
S0193,계약,3,2026-09-07 23:33:12,2026-09-09 05:47:44,28.9,1.3,0,완료
S0193,상품 등록,4,2026-09-09 05:47:44,2026-09-11 06:59:45,43.6,5.6,0,완료
S0193,판매 준비 완료,5,2026-09-11 06:59:45,2026-09-12 06:04:04,21.0,2.1,0,완료
S0014,신청,1,2026-09-07 11:00:00,2026-09-07 11:00:00,0.0,0.3,0,완료
S0014,서류 확인,2,2026-09-07 11:00:00,2026-09-09 21:33:43,57.1,1.5,0,완료
S0014,계약,3,2026-09-09 21:33:43,2026-09-11 05:12:38,30.0,1.7,0,완료
S0014,상품 등록,4,2026-09-11 05:12:38,2026-09-14 20:13:31,76.5,10.5,2,완료
S0014,판매 준비 완료,5,2026-09-14 20:13:31,2026-09-16 11:45:25,36.7,2.8,0,완료
S0163,신청,1,2026-09-07 11:00:00,2026-09-07 11:00:00,0.0,0.3,0,완료
S0163,서류 확인,2,2026-09-07 11:00:00,2026-09-09 03:11:24,38.6,1.6,0,완료
S0163,계약,3,2026-09-09 03:11:24,2026-09-10 07:45:08,27.6,1.0,0,완료
S0163,상품 등록,4,2026-09-10 07:45:08,2026-09-12 05:20:51,41.0,4.6,0,완료
S0163,판매 준비 완료,5,2026-09-12 05:20:51,2026-09-13 10:34:19,26.9,2.3,0,완료
S0018,신청,1,2026-09-08 11:00:00,2026-09-08 11:00:00,0.0,0.3,0,완료
S0018,서류 확인,2,2026-09-08 11:00:00,2026-09-09 16:06:12,27.0,2.1,0,완료
S0018,계약,3,2026-09-09 16:06:12,2026-09-10 19:49:10,26.4,1.3,0,완료
S0018,상품 등록,4,2026-09-10 19:49:10,2026-09-13 08:54:23,55.3,5.8,0,완료
S0018,판매 준비 완료,5,2026-09-13 08:54:23,2026-09-14 13:19:34,25.5,2.9,0,완료
S0053,신청,1,2026-09-09 14:00:00,2026-09-09 14:00:00,0.0,0.3,0,완료
S0053,서류 확인,2,2026-09-09 14:00:00,2026-09-10 18:02:29,23.9,4.2,1,완료
S0053,계약,3,2026-09-10 18:02:29,2026-09-12 03:45:10,32.5,1.2,0,완료
S0053,상품 등록,4,2026-09-12 03:45:10,2026-09-14 12:34:34,49.3,7.5,1,완료
S0053,판매 준비 완료,5,2026-09-14 12:34:34,2026-09-15 06:10:12,15.7,1.9,0,완료
S0227,신청,1,2026-09-09 14:00:00,2026-09-09 14:00:00,0.0,0.3,0,완료
S0227,서류 확인,2,2026-09-09 14:00:00,2026-09-11 01:29:25,33.9,1.6,0,완료
S0227,계약,3,2026-09-11 01:29:25,2026-09-13 00:00:39,44.9,1.6,0,완료
S0227,상품 등록,4,2026-09-13 00:00:39,2026-09-15 07:03:48,46.8,8.3,1,완료
S0227,판매 준비 완료,5,2026-09-15 07:03:48,2026-09-17 08:33:49,47.7,1.8,0,완료
S0112,신청,1,2026-09-09 15:00:00,2026-09-09 15:00:00,0.0,0.3,0,완료
S0112,서류 확인,2,2026-09-09 15:00:00,2026-09-11 11:11:51,40.5,3.7,1,완료
S0112,계약,3,2026-09-11 11:11:51,2026-09-13 01:19:30,36.8,1.4,0,완료
S0112,상품 등록,4,2026-09-13 01:19:30,2026-09-16 15:27:29,78.4,7.7,1,완료
S0112,판매 준비 완료,5,2026-09-16 15:27:29,2026-09-18 09:55:40,40.9,1.6,0,완료
S0067,신청,1,2026-09-09 16:00:00,2026-09-09 16:00:00,0.0,0.3,0,완료
S0067,서류 확인,2,2026-09-09 16:00:00,2026-09-10 16:06:33,20.7,3.4,0,완료
S0067,계약,3,2026-09-10 16:06:33,2026-09-11 16:29:12,23.0,1.4,0,완료
S0067,상품 등록,4,2026-09-11 16:29:12,2026-09-14 03:08:55,53.2,5.5,1,완료
S0067,판매 준비 완료,5,2026-09-14 03:08:55,2026-09-15 08:55:45,27.3,2.5,0,완료
S0070,신청,1,2026-09-10 15:00:00,2026-09-10 15:00:00,0.0,0.3,0,완료
S0070,서류 확인,2,2026-09-10 15:00:00,2026-09-12 10:00:20,41.0,2.1,0,완료
S0070,계약,3,2026-09-12 10:00:20,2026-09-13 11:53:57,24.3,1.6,0,완료
S0070,상품 등록,4,2026-09-13 11:53:57,2026-09-15 06:51:11,37.8,5.2,0,완료
S0070,판매 준비 완료,5,2026-09-15 06:51:11,2026-09-16 00:53:59,16.2,1.9,0,완료
S0137,신청,1,2026-09-11 09:00:00,2026-09-11 09:00:00,0.0,0.3,0,완료
S0137,서류 확인,2,2026-09-11 09:00:00,2026-09-13 08:48:20,45.9,1.9,0,완료
S0137,계약,3,2026-09-13 08:48:20,,561.2,,0,진행 중
S0001,신청,1,2026-09-11 10:00:00,2026-09-11 10:00:00,0.0,0.3,0,완료
S0001,서류 확인,2,2026-09-11 10:00:00,2026-09-12 11:33:00,22.9,2.7,0,완료
S0001,계약,3,2026-09-12 11:33:00,2026-09-13 07:35:47,18.7,1.3,0,완료
S0001,상품 등록,4,2026-09-13 07:35:47,2026-09-15 07:19:23,42.9,4.9,0,완료
S0001,판매 준비 완료,5,2026-09-15 07:19:23,2026-09-16 03:51:18,18.4,2.2,0,완료
S0203,신청,1,2026-09-11 11:00:00,2026-09-11 11:00:00,0.0,0.3,0,완료
S0203,서류 확인,2,2026-09-11 11:00:00,2026-09-12 23:20:56,34.1,2.2,0,완료
S0203,계약,3,2026-09-12 23:20:56,2026-09-14 08:30:06,31.7,1.4,0,완료
S0203,상품 등록,4,2026-09-14 08:30:06,2026-09-16 10:58:20,46.3,4.2,0,완료
S0203,판매 준비 완료,5,2026-09-16 10:58:20,2026-09-17 11:30:39,22.4,2.1,0,완료
S0140,신청,1,2026-09-11 12:00:00,2026-09-11 12:00:00,0.0,0.3,0,완료
S0140,서류 확인,2,2026-09-11 12:00:00,2026-09-13 02:21:39,36.2,2.1,0,완료
S0140,계약,3,2026-09-13 02:21:39,2026-09-14 02:06:18,22.1,1.6,0,완료
S0140,상품 등록,4,2026-09-14 02:06:18,2026-09-17 18:16:12,81.5,6.6,0,완료
S0140,판매 준비 완료,5,2026-09-17 18:16:12,2026-09-19 06:57:36,35.0,1.7,0,완료
S0015,신청,1,2026-09-11 16:00:00,2026-09-11 16:00:00,0.0,0.3,0,완료
S0015,서류 확인,2,2026-09-11 16:00:00,2026-09-12 18:05:03,22.5,3.6,1,완료
S0015,계약,3,2026-09-12 18:05:03,2026-09-13 16:08:33,20.9,1.1,0,완료
S0015,상품 등록,4,2026-09-13 16:08:33,2026-09-15 09:55:56,32.7,9.1,1,완료
S0015,판매 준비 완료,5,2026-09-15 09:55:56,2026-09-17 02:51:43,38.3,2.6,0,완료
S0143,신청,1,2026-09-12 11:00:00,2026-09-12 11:00:00,0.0,0.3,0,완료
S0143,서류 확인,2,2026-09-12 11:00:00,2026-09-14 07:13:12,42.1,2.1,0,완료
S0143,계약,3,2026-09-14 07:13:12,2026-09-15 08:13:29,23.9,1.1,0,완료
S0143,상품 등록,4,2026-09-15 08:13:29,2026-09-17 02:38:59,37.5,4.9,0,완료
S0143,판매 준비 완료,5,2026-09-17 02:38:59,2026-09-18 12:55:44,32.4,1.9,0,완료
S0167,신청,1,2026-09-12 11:00:00,2026-09-12 11:00:00,0.0,0.3,0,완료
S0167,서류 확인,2,2026-09-12 11:00:00,2026-09-14 09:01:26,43.7,2.3,0,완료
S0167,계약,3,2026-09-14 09:01:26,2026-09-15 16:28:59,29.7,1.8,0,완료
S0167,상품 등록,4,2026-09-15 16:28:59,2026-09-19 01:50:24,76.4,5.0,0,완료
S0167,판매 준비 완료,5,2026-09-19 01:50:24,2026-09-20 15:34:54,36.2,1.5,0,완료
S0054,신청,1,2026-09-13 09:00:00,2026-09-13 09:00:00,0.0,0.3,0,완료
S0054,서류 확인,2,2026-09-13 09:00:00,2026-09-15 14:41:52,50.8,2.9,0,완료
S0054,계약,3,2026-09-15 14:41:52,2026-09-17 19:42:14,51.8,1.2,0,완료
S0054,상품 등록,4,2026-09-17 19:42:14,2026-09-20 11:48:42,57.4,6.7,0,완료
S0054,판매 준비 완료,5,2026-09-20 11:48:42,2026-09-22 03:45:28,38.5,1.5,0,완료
S0032,신청,1,2026-09-13 10:00:00,2026-09-13 10:00:00,0.0,0.3,0,완료
S0032,서류 확인,2,2026-09-13 10:00:00,2026-09-14 17:33:48,29.6,2.0,0,완료
S0032,계약,3,2026-09-14 17:33:48,2026-09-15 13:29:32,18.3,1.6,0,완료
S0032,상품 등록,4,2026-09-15 13:29:32,2026-09-17 02:07:42,30.5,6.1,0,완료
S0032,판매 준비 완료,5,2026-09-17 02:07:42,2026-09-18 14:12:09,34.1,1.9,0,완료
S0021,신청,1,2026-09-13 11:00:00,2026-09-13 11:00:00,0.0,0.3,0,완료
S0021,서류 확인,2,2026-09-13 11:00:00,2026-09-15 01:21:07,35.5,2.8,0,완료
S0021,계약,3,2026-09-15 01:21:07,2026-09-16 03:48:44,25.4,1.1,0,완료
S0021,상품 등록,4,2026-09-16 03:48:44,2026-09-18 06:13:48,45.4,5.0,0,완료
S0021,판매 준비 완료,5,2026-09-18 06:13:48,2026-09-19 14:01:29,30.0,1.8,0,완료
S0113,신청,1,2026-09-14 10:00:00,2026-09-14 10:00:00,0.0,0.3,0,완료
S0113,서류 확인,2,2026-09-14 10:00:00,2026-09-15 20:29:49,28.3,6.2,2,완료
S0113,계약,3,2026-09-15 20:29:49,2026-09-16 20:44:13,22.7,1.6,0,완료
S0113,상품 등록,4,2026-09-16 20:44:13,2026-09-17 17:52:47,15.0,6.2,0,완료
S0113,판매 준비 완료,5,2026-09-17 17:52:47,2026-09-19 00:30:19,28.2,2.4,0,완료
S0122,신청,1,2026-09-14 12:00:00,2026-09-14 12:00:00,0.0,0.3,0,완료
S0122,서류 확인,2,2026-09-14 12:00:00,2026-09-15 13:25:56,23.2,2.3,0,완료
S0122,계약,3,2026-09-15 13:25:56,2026-09-16 19:21:52,28.7,1.3,0,완료
S0122,상품 등록,4,2026-09-16 19:21:52,2026-09-18 09:31:15,30.7,7.4,0,완료
S0122,판매 준비 완료,5,2026-09-18 09:31:15,2026-09-19 17:04:25,29.3,2.2,0,완료
S0080,신청,1,2026-09-14 13:00:00,2026-09-14 13:00:00,0.0,0.3,0,완료
S0080,서류 확인,2,2026-09-14 13:00:00,2026-09-15 20:37:33,29.6,2.1,0,완료
S0080,계약,3,2026-09-15 20:37:33,2026-09-17 00:28:11,26.1,1.7,0,완료
S0080,상품 등록,4,2026-09-17 00:28:11,2026-09-18 00:38:44,20.8,3.4,0,완료
S0080,판매 준비 완료,5,2026-09-18 00:38:44,2026-09-19 20:21:25,40.8,2.9,0,완료
S0050,신청,1,2026-09-14 14:00:00,2026-09-14 14:00:00,0.0,0.3,0,완료
S0050,서류 확인,2,2026-09-14 14:00:00,2026-09-15 00:21:55,8.0,2.4,0,완료
S0050,계약,3,2026-09-15 00:21:55,2026-09-15 12:51:48,11.0,1.5,0,완료
S0050,상품 등록,4,2026-09-15 12:51:48,2026-09-18 05:18:02,56.7,7.8,2,완료
S0050,판매 준비 완료,5,2026-09-18 05:18:02,2026-09-18 19:19:09,12.7,1.3,0,완료
S0025,신청,1,2026-09-14 15:00:00,2026-09-14 15:00:00,0.0,0.3,0,완료
S0025,서류 확인,2,2026-09-14 15:00:00,2026-09-16 00:21:05,31.0,2.3,0,완료
S0025,계약,3,2026-09-16 00:21:05,2026-09-17 11:41:55,33.7,1.7,0,완료
S0025,상품 등록,4,2026-09-17 11:41:55,2026-09-20 12:14:21,67.0,5.6,0,완료
S0025,판매 준비 완료,5,2026-09-20 12:14:21,2026-09-22 17:42:42,51.8,1.7,0,완료
S0081,신청,1,2026-09-14 15:00:00,2026-09-14 15:00:00,0.0,0.3,0,완료
S0081,서류 확인,2,2026-09-14 15:00:00,2026-09-16 01:46:16,32.8,2.0,0,완료
S0081,계약,3,2026-09-16 01:46:16,2026-09-16 23:34:16,20.3,1.5,0,완료
S0081,상품 등록,4,2026-09-16 23:34:16,2026-09-19 03:45:19,47.2,5.0,0,완료
S0081,판매 준비 완료,5,2026-09-19 03:45:19,2026-09-20 11:16:17,29.2,2.3,0,완료
S0118,신청,1,2026-09-14 15:00:00,2026-09-14 15:00:00,0.0,0.3,0,완료
S0118,서류 확인,2,2026-09-14 15:00:00,2026-09-16 16:36:21,45.6,4.0,1,완료
S0118,계약,3,2026-09-16 16:36:21,2026-09-18 02:12:46,32.2,1.4,0,완료
S0118,상품 등록,4,2026-09-18 02:12:46,2026-09-21 16:32:14,80.6,5.7,0,완료
S0118,판매 준비 완료,5,2026-09-21 16:32:14,2026-09-22 23:53:49,29.3,2.1,0,완료
S0191,신청,1,2026-09-14 15:00:00,2026-09-14 15:00:00,0.0,0.3,0,완료
S0191,서류 확인,2,2026-09-14 15:00:00,2026-09-15 17:25:00,22.3,4.1,1,완료
S0191,계약,3,2026-09-15 17:25:00,2026-09-16 14:31:14,19.5,1.6,0,완료
S0191,상품 등록,4,2026-09-16 14:31:14,2026-09-19 12:51:12,64.2,6.1,0,완료
S0191,판매 준비 완료,5,2026-09-19 12:51:12,2026-09-20 14:48:12,23.9,2.1,0,완료
S0188,신청,1,2026-09-15 09:00:00,2026-09-15 09:00:00,0.0,0.3,0,완료
S0188,서류 확인,2,2026-09-15 09:00:00,2026-09-16 13:28:50,26.3,2.2,0,완료
S0188,계약,3,2026-09-16 13:28:50,2026-09-18 01:08:00,34.3,1.3,0,완료
S0188,상품 등록,4,2026-09-18 01:08:00,2026-09-19 18:10:22,34.2,6.8,0,완료
S0188,판매 준비 완료,5,2026-09-19 18:10:22,2026-09-20 19:35:51,24.2,1.2,0,완료
S0240,신청,1,2026-09-15 11:00:00,2026-09-15 11:00:00,0.0,0.3,0,완료
S0240,서류 확인,2,2026-09-15 11:00:00,2026-09-16 13:16:41,24.7,1.6,0,완료
S0240,계약,3,2026-09-16 13:16:41,2026-09-17 12:18:05,21.9,1.1,0,완료
S0240,상품 등록,4,2026-09-17 12:18:05,2026-09-18 21:46:53,28.0,5.5,0,완료
S0240,판매 준비 완료,5,2026-09-18 21:46:53,2026-09-19 19:05:05,19.3,2.0,0,완료
S0145,신청,1,2026-09-15 12:00:00,2026-09-15 12:00:00,0.0,0.3,0,완료
S0145,서류 확인,2,2026-09-15 12:00:00,2026-09-17 19:09:28,51.3,3.9,1,완료
S0145,계약,3,2026-09-17 19:09:28,2026-09-18 23:35:00,27.0,1.5,0,완료
S0145,상품 등록,4,2026-09-18 23:35:00,2026-09-20 22:14:43,41.4,5.3,0,완료
S0145,판매 준비 완료,5,2026-09-20 22:14:43,2026-09-22 05:02:43,28.4,2.4,0,완료
S0092,신청,1,2026-09-15 16:00:00,2026-09-15 16:00:00,0.0,0.3,0,완료
S0092,서류 확인,2,2026-09-15 16:00:00,2026-09-16 20:36:31,26.4,2.2,0,완료
S0092,계약,3,2026-09-16 20:36:31,2026-09-17 13:25:41,15.2,1.6,0,완료
S0092,상품 등록,4,2026-09-17 13:25:41,2026-09-19 22:15:54,50.9,5.9,0,완료
S0092,판매 준비 완료,5,2026-09-19 22:15:54,2026-09-20 23:12:01,23.2,1.7,0,완료
S0152,신청,1,2026-09-15 16:00:00,2026-09-15 16:00:00,0.0,0.3,0,완료
S0152,서류 확인,2,2026-09-15 16:00:00,2026-09-16 22:53:17,26.8,4.1,1,완료
S0152,계약,3,2026-09-16 22:53:17,2026-09-17 15:48:42,15.5,1.4,0,완료
S0152,상품 등록,4,2026-09-17 15:48:42,2026-09-20 21:48:47,70.9,7.1,0,완료
S0152,판매 준비 완료,5,2026-09-20 21:48:47,2026-09-21 21:00:50,21.2,2.0,0,완료
S0095,신청,1,2026-09-16 11:00:00,2026-09-16 11:00:00,0.0,0.3,0,완료
S0095,서류 확인,2,2026-09-16 11:00:00,2026-09-18 17:12:18,49.8,4.4,1,완료
S0095,계약,3,2026-09-18 17:12:18,2026-09-19 21:41:33,27.4,1.1,0,완료
S0095,상품 등록,4,2026-09-19 21:41:33,2026-09-23 05:40:12,74.4,5.5,0,완료
S0095,판매 준비 완료,5,2026-09-23 05:40:12,2026-09-24 20:38:08,36.7,2.2,0,완료
S0003,신청,1,2026-09-16 15:00:00,2026-09-16 15:00:00,0.0,0.3,0,완료
S0003,서류 확인,2,2026-09-16 15:00:00,2026-09-18 05:35:25,33.4,5.2,1,완료
S0003,계약,3,2026-09-18 05:35:25,2026-09-19 04:56:37,22.0,1.3,0,완료
S0003,상품 등록,4,2026-09-19 04:56:37,2026-09-21 20:47:34,56.8,7.1,0,완료
S0003,판매 준비 완료,5,2026-09-21 20:47:34,2026-09-22 21:07:33,22.3,2.1,0,완료
S0110,신청,1,2026-09-17 09:00:00,2026-09-17 09:00:00,0.0,0.3,0,완료
S0110,서류 확인,2,2026-09-17 09:00:00,2026-09-18 18:37:33,31.7,1.9,0,완료
S0110,계약,3,2026-09-18 18:37:33,2026-09-20 13:34:21,41.6,1.4,0,완료
S0110,상품 등록,4,2026-09-20 13:34:21,2026-09-22 11:37:02,40.4,5.6,0,완료
S0110,판매 준비 완료,5,2026-09-22 11:37:02,2026-09-24 06:56:11,41.4,1.9,0,완료
S0013,신청,1,2026-09-17 10:00:00,2026-09-17 10:00:00,0.0,0.3,0,완료
S0013,서류 확인,2,2026-09-17 10:00:00,2026-09-18 03:09:30,14.4,2.8,0,완료
S0013,계약,3,2026-09-18 03:09:30,2026-09-19 01:02:53,20.7,1.2,0,완료
S0013,상품 등록,4,2026-09-19 01:02:53,2026-09-21 12:10:58,53.9,5.3,0,완료
S0013,판매 준비 완료,5,2026-09-21 12:10:58,2026-09-22 18:19:29,28.3,1.9,0,완료
S0084,신청,1,2026-09-17 10:00:00,2026-09-17 10:00:00,0.0,0.3,0,완료
S0084,서류 확인,2,2026-09-17 10:00:00,2026-09-19 08:20:23,40.7,5.6,2,완료
S0084,계약,3,2026-09-19 08:20:23,2026-09-21 05:27:58,43.4,1.8,0,완료
S0084,상품 등록,4,2026-09-21 05:27:58,2026-09-24 10:36:09,71.2,5.9,0,완료
S0084,판매 준비 완료,5,2026-09-24 10:36:09,2026-09-25 23:55:10,35.0,2.3,0,완료
S0100,신청,1,2026-09-17 12:00:00,2026-09-17 12:00:00,0.0,0.3,0,완료
S0100,서류 확인,2,2026-09-17 12:00:00,2026-09-18 21:50:29,30.1,3.7,1,완료
S0100,계약,3,2026-09-18 21:50:29,,428.2,,0,진행 중
S0179,신청,1,2026-09-17 12:00:00,2026-09-17 12:00:00,0.0,0.3,0,완료
S0179,서류 확인,2,2026-09-17 12:00:00,2026-09-19 22:51:24,54.8,4.1,1,완료
S0179,계약,3,2026-09-19 22:51:24,2026-09-21 10:42:24,34.6,1.2,0,완료
S0179,상품 등록,4,2026-09-21 10:42:24,2026-09-23 21:13:58,52.4,6.1,0,완료
S0179,판매 준비 완료,5,2026-09-23 21:13:58,2026-09-25 17:08:16,42.5,1.4,0,완료
S0234,신청,1,2026-09-17 13:00:00,2026-09-17 13:00:00,0.0,0.3,0,완료
S0234,서류 확인,2,2026-09-17 13:00:00,2026-09-18 20:11:13,29.9,1.3,0,완료
S0234,계약,3,2026-09-18 20:11:13,2026-09-19 23:03:16,25.4,1.5,0,완료
S0234,상품 등록,4,2026-09-19 23:03:16,2026-09-22 07:27:29,51.1,5.3,0,완료
S0234,판매 준비 완료,5,2026-09-22 07:27:29,2026-09-24 01:00:06,39.4,2.1,0,완료
S0098,신청,1,2026-09-17 15:00:00,2026-09-17 15:00:00,0.0,0.3,0,완료
S0098,서류 확인,2,2026-09-17 15:00:00,2026-09-19 05:16:34,36.1,2.1,0,완료
S0098,계약,3,2026-09-19 05:16:34,2026-09-20 17:49:45,35.1,1.4,0,완료
S0098,상품 등록,4,2026-09-20 17:49:45,2026-09-25 00:01:29,96.2,6.0,1,완료
S0098,판매 준비 완료,5,2026-09-25 00:01:29,2026-09-26 19:58:10,41.6,2.3,0,완료
S0082,신청,1,2026-09-18 14:00:00,2026-09-18 14:00:00,0.0,0.3,0,완료
S0082,서류 확인,2,2026-09-18 14:00:00,2026-09-19 16:03:11,22.6,3.5,1,완료
S0082,계약,3,2026-09-19 16:03:11,2026-09-20 19:21:19,25.9,1.4,0,완료
S0082,상품 등록,4,2026-09-20 19:21:19,2026-09-22 10:33:46,31.5,7.7,1,완료
S0082,판매 준비 완료,5,2026-09-22 10:33:46,2026-09-23 02:57:49,14.0,2.4,0,완료
S0058,신청,1,2026-09-19 10:00:00,2026-09-19 10:00:00,0.0,0.3,0,완료
S0058,서류 확인,2,2026-09-19 10:00:00,2026-09-19 23:52:10,10.3,3.6,1,완료
S0058,계약,3,2026-09-19 23:52:10,2026-09-20 22:13:40,21.1,1.3,0,완료
S0058,상품 등록,4,2026-09-20 22:13:40,2026-09-22 16:37:36,36.7,5.7,0,완료
S0058,판매 준비 완료,5,2026-09-22 16:37:36,2026-09-24 01:10:24,30.9,1.7,0,완료
S0111,신청,1,2026-09-19 10:00:00,2026-09-19 10:00:00,0.0,0.3,0,완료
S0111,서류 확인,2,2026-09-19 10:00:00,2026-09-20 04:32:29,14.1,4.4,1,완료
S0111,계약,3,2026-09-20 04:32:29,2026-09-21 06:18:10,24.4,1.3,0,완료
S0111,상품 등록,4,2026-09-21 06:18:10,2026-09-23 22:32:42,57.9,6.4,1,완료
S0111,판매 준비 완료,5,2026-09-23 22:32:42,2026-09-25 10:11:10,33.8,1.8,0,완료
S0119,신청,1,2026-09-19 11:00:00,2026-09-19 11:00:00,0.0,0.3,0,완료
S0119,서류 확인,2,2026-09-19 11:00:00,2026-09-20 19:53:11,30.9,2.0,0,완료
S0119,계약,3,2026-09-20 19:53:11,2026-09-21 19:03:09,21.8,1.3,0,완료
S0119,상품 등록,4,2026-09-21 19:03:09,2026-09-24 17:48:21,61.6,9.2,1,완료
S0119,판매 준비 완료,5,2026-09-24 17:48:21,2026-09-25 17:45:16,21.6,2.3,0,완료
S0210,신청,1,2026-09-19 11:00:00,2026-09-19 11:00:00,0.0,0.3,0,완료
S0210,서류 확인,2,2026-09-19 11:00:00,2026-09-21 12:23:13,47.0,2.4,0,완료
S0210,계약,3,2026-09-21 12:23:13,2026-09-23 01:47:25,36.4,1.0,0,완료
S0210,상품 등록,4,2026-09-23 01:47:25,2026-09-26 00:19:24,63.7,6.8,1,완료
S0210,판매 준비 완료,5,2026-09-26 00:19:24,2026-09-27 05:53:32,27.3,2.3,0,완료
S0159,신청,1,2026-09-19 16:00:00,2026-09-19 16:00:00,0.0,0.3,0,완료
S0159,서류 확인,2,2026-09-19 16:00:00,2026-09-21 10:09:03,40.4,1.7,0,완료
S0159,계약,3,2026-09-21 10:09:03,2026-09-22 19:06:56,31.7,1.2,0,완료
S0159,상품 등록,4,2026-09-22 19:06:56,2026-09-25 00:56:01,48.4,5.5,0,완료
S0159,판매 준비 완료,5,2026-09-25 00:56:01,2026-09-26 13:04:45,33.9,2.2,0,완료
S0019,신청,1,2026-09-20 10:00:00,2026-09-20 10:00:00,0.0,0.3,0,완료
S0019,서류 확인,2,2026-09-20 10:00:00,2026-09-21 18:04:47,28.5,3.6,1,완료
S0019,계약,3,2026-09-21 18:04:47,2026-09-23 15:59:14,44.5,1.4,0,완료
S0019,상품 등록,4,2026-09-23 15:59:14,2026-09-27 21:44:13,96.9,4.8,0,완료
S0019,판매 준비 완료,5,2026-09-27 21:44:13,2026-09-29 08:42:15,33.4,1.5,0,완료
S0190,신청,1,2026-09-20 11:00:00,2026-09-20 11:00:00,0.0,0.3,0,완료
S0190,서류 확인,2,2026-09-20 11:00:00,2026-09-21 03:47:59,12.7,4.1,1,완료
S0190,계약,3,2026-09-21 03:47:59,2026-09-21 20:15:50,15.0,1.4,0,완료
S0190,상품 등록,4,2026-09-21 20:15:50,2026-09-23 01:02:57,22.4,6.3,0,완료
S0190,판매 준비 완료,5,2026-09-23 01:02:57,2026-09-24 07:54:02,29.9,0.9,0,완료
S0107,신청,1,2026-09-20 15:00:00,2026-09-20 15:00:00,0.0,0.3,0,완료
S0107,서류 확인,2,2026-09-20 15:00:00,2026-09-22 18:18:15,46.8,4.5,1,완료
S0107,계약,3,2026-09-22 18:18:15,2026-09-23 22:59:35,26.7,2.0,0,완료
S0107,상품 등록,4,2026-09-23 22:59:35,2026-09-26 11:51:02,54.0,6.9,0,완료
S0107,판매 준비 완료,5,2026-09-26 11:51:02,2026-09-28 15:06:28,49.6,1.6,0,완료
S0142,신청,1,2026-09-20 15:00:00,2026-09-20 15:00:00,0.0,0.3,0,완료
S0142,서류 확인,2,2026-09-20 15:00:00,2026-09-21 06:25:46,9.8,5.6,2,완료
S0142,계약,3,2026-09-21 06:25:46,2026-09-22 04:56:48,21.6,0.9,0,완료
S0142,상품 등록,4,2026-09-22 04:56:48,2026-09-24 21:25:27,57.9,6.5,0,완료
S0142,판매 준비 완료,5,2026-09-24 21:25:27,2026-09-25 18:07:38,18.4,2.3,0,완료
S0172,신청,1,2026-09-20 15:00:00,2026-09-20 15:00:00,0.0,0.3,0,완료
S0172,서류 확인,2,2026-09-20 15:00:00,2026-09-22 09:33:57,40.5,2.1,0,완료
S0172,계약,3,2026-09-22 09:33:57,2026-09-23 05:30:47,18.7,1.2,0,완료
S0172,상품 등록,4,2026-09-23 05:30:47,2026-09-26 16:21:54,77.9,4.9,1,완료
S0172,판매 준비 완료,5,2026-09-26 16:21:54,2026-09-27 23:25:10,29.5,1.6,0,완료
S0187,신청,1,2026-09-21 09:00:00,2026-09-21 09:00:00,0.0,0.3,0,완료
S0187,서류 확인,2,2026-09-21 09:00:00,2026-09-22 11:25:50,19.3,7.1,2,완료
S0187,계약,3,2026-09-22 11:25:50,2026-09-22 21:21:40,8.2,1.8,0,완료
S0187,상품 등록,4,2026-09-22 21:21:40,2026-09-25 02:53:56,45.6,7.9,1,완료
S0187,판매 준비 완료,5,2026-09-25 02:53:56,2026-09-26 01:03:00,20.1,2.0,0,완료
S0217,신청,1,2026-09-21 15:00:00,2026-09-21 15:00:00,0.0,0.3,0,완료
S0217,서류 확인,2,2026-09-21 15:00:00,2026-09-23 01:32:17,31.4,3.1,0,완료
S0217,계약,3,2026-09-23 01:32:17,2026-09-24 04:38:12,25.7,1.4,0,완료
S0217,상품 등록,4,2026-09-24 04:38:12,2026-09-27 09:32:18,69.6,7.3,1,완료
S0217,판매 준비 완료,5,2026-09-27 09:32:18,2026-09-28 15:09:31,27.0,2.6,0,완료
S0133,신청,1,2026-09-21 16:00:00,2026-09-21 16:00:00,0.0,0.3,0,완료
S0133,서류 확인,2,2026-09-21 16:00:00,2026-09-22 19:24:25,25.8,1.6,0,완료
S0133,계약,3,2026-09-22 19:24:25,2026-09-23 23:10:07,26.0,1.8,0,완료
S0133,상품 등록,4,2026-09-23 23:10:07,2026-09-25 11:02:38,28.7,7.2,1,완료
S0133,판매 준비 완료,5,2026-09-25 11:02:38,2026-09-26 14:12:21,25.9,1.3,0,완료
S0147,신청,1,2026-09-22 10:00:00,2026-09-22 10:00:00,0.0,0.3,0,완료
S0147,서류 확인,2,2026-09-22 10:00:00,,344.0,,0,진행 중
S0072,신청,1,2026-09-22 11:00:00,2026-09-22 11:00:00,0.0,0.3,0,완료
S0072,서류 확인,2,2026-09-22 11:00:00,2026-09-24 21:02:08,54.0,4.0,1,완료
S0072,계약,3,2026-09-24 21:02:08,2026-09-26 16:11:21,41.8,1.4,0,완료
S0072,상품 등록,4,2026-09-26 16:11:21,2026-09-29 12:22:45,61.4,6.7,1,완료
S0072,판매 준비 완료,5,2026-09-29 12:22:45,,173.6,,0,진행 중
S0048,신청,1,2026-09-22 12:00:00,2026-09-22 12:00:00,0.0,0.3,0,완료
S0048,서류 확인,2,2026-09-22 12:00:00,2026-09-23 15:40:57,25.4,2.2,0,완료
S0048,계약,3,2026-09-23 15:40:57,2026-09-24 10:40:09,17.6,1.3,0,완료
S0048,상품 등록,4,2026-09-24 10:40:09,2026-09-26 23:59:35,56.0,5.4,0,완료
S0048,판매 준비 완료,5,2026-09-26 23:59:35,2026-09-27 22:39:43,19.9,2.7,0,완료
S0104,신청,1,2026-09-22 13:00:00,2026-09-22 13:00:00,0.0,0.3,0,완료
S0104,서류 확인,2,2026-09-22 13:00:00,2026-09-23 06:36:33,14.9,2.7,0,완료
S0104,계약,3,2026-09-23 06:36:33,2026-09-24 08:03:48,23.7,1.8,0,완료
S0104,상품 등록,4,2026-09-24 08:03:48,2026-09-26 03:16:54,38.6,4.6,0,완료
S0104,판매 준비 완료,5,2026-09-26 03:16:54,2026-09-27 05:13:01,24.6,1.4,0,완료
S0039,신청,1,2026-09-23 10:00:00,2026-09-23 10:00:00,0.0,0.3,0,완료
S0039,서류 확인,2,2026-09-23 10:00:00,2026-09-24 13:51:50,26.3,1.6,0,완료
S0039,계약,3,2026-09-24 13:51:50,2026-09-25 17:54:10,26.3,1.8,0,완료
S0039,상품 등록,4,2026-09-25 17:54:10,2026-09-29 03:56:41,76.2,5.9,0,완료
S0039,판매 준비 완료,5,2026-09-29 03:56:41,2026-09-29 22:40:13,16.5,2.2,0,완료
S0043,신청,1,2026-09-23 12:00:00,2026-09-23 12:00:00,0.0,0.3,0,완료
S0043,서류 확인,2,2026-09-23 12:00:00,2026-09-25 02:50:35,37.3,1.5,0,완료
S0043,계약,3,2026-09-25 02:50:35,2026-09-26 09:41:25,29.2,1.6,0,완료
S0043,상품 등록,4,2026-09-26 09:41:25,2026-09-29 06:55:35,61.4,7.8,1,완료
S0043,판매 준비 완료,5,2026-09-29 06:55:35,2026-09-30 02:16:30,17.6,1.7,0,완료
S0231,신청,1,2026-09-23 14:00:00,2026-09-23 14:00:00,0.0,0.3,0,완료
S0231,서류 확인,2,2026-09-23 14:00:00,2026-09-24 16:04:08,24.5,1.5,0,완료
S0231,계약,3,2026-09-24 16:04:08,2026-09-25 04:58:13,11.9,1.0,0,완료
S0231,상품 등록,4,2026-09-25 04:58:13,2026-09-26 08:36:32,22.2,5.5,0,완료
S0231,판매 준비 완료,5,2026-09-26 08:36:32,2026-09-27 04:35:53,18.5,1.5,0,완료
S0165,신청,1,2026-09-23 15:00:00,2026-09-23 15:00:00,0.0,0.3,0,완료
S0165,서류 확인,2,2026-09-23 15:00:00,2026-09-24 21:04:23,26.4,3.7,1,완료
S0165,계약,3,2026-09-24 21:04:23,2026-09-25 18:34:06,20.5,0.9,0,완료
S0165,상품 등록,4,2026-09-25 18:34:06,2026-09-28 20:08:22,70.8,2.8,0,완료
S0165,판매 준비 완료,5,2026-09-28 20:08:22,2026-09-30 02:02:17,27.8,2.1,0,완료
S0037,신청,1,2026-09-24 10:00:00,2026-09-24 10:00:00,0.0,0.3,0,완료
S0037,서류 확인,2,2026-09-24 10:00:00,2026-09-25 18:15:38,29.0,3.3,0,완료
S0037,계약,3,2026-09-25 18:15:38,2026-09-26 19:37:52,24.3,1.1,0,완료
S0037,상품 등록,4,2026-09-26 19:37:52,2026-09-28 19:46:01,44.6,3.6,0,완료
S0037,판매 준비 완료,5,2026-09-28 19:46:01,2026-09-30 01:53:20,27.8,2.3,0,완료
S0026,신청,1,2026-09-24 11:00:00,2026-09-24 11:00:00,0.0,0.3,0,완료
S0026,서류 확인,2,2026-09-24 11:00:00,2026-09-26 09:01:48,42.0,4.0,1,완료
S0026,계약,3,2026-09-26 09:01:48,2026-09-28 06:36:29,44.2,1.4,0,완료
S0026,상품 등록,4,2026-09-28 06:36:29,2026-09-30 14:38:09,48.5,7.5,0,완료
S0026,판매 준비 완료,5,2026-09-30 14:38:09,2026-10-02 07:38:24,39.1,1.9,0,완료
S0030,신청,1,2026-09-24 12:00:00,2026-09-24 12:00:00,0.0,0.3,0,완료
S0030,서류 확인,2,2026-09-24 12:00:00,2026-09-25 23:16:47,31.1,4.2,1,완료
S0030,계약,3,2026-09-25 23:16:47,2026-09-26 21:28:10,20.5,1.7,0,완료
S0030,상품 등록,4,2026-09-26 21:28:10,2026-09-29 15:42:56,61.0,5.2,0,완료
S0030,판매 준비 완료,5,2026-09-29 15:42:56,2026-09-30 22:39:30,29.3,1.7,0,완료
S0009,신청,1,2026-09-24 14:00:00,2026-09-24 14:00:00,0.0,0.3,0,완료
S0009,서류 확인,2,2026-09-24 14:00:00,2026-09-26 03:31:00,35.6,1.9,0,완료
S0009,계약,3,2026-09-26 03:31:00,2026-09-27 09:41:56,28.8,1.4,0,완료
S0009,상품 등록,4,2026-09-27 09:41:56,2026-09-29 08:54:51,42.5,4.7,0,완료
S0009,판매 준비 완료,5,2026-09-29 08:54:51,2026-09-30 15:45:42,29.2,1.6,0,완료
S0209,신청,1,2026-09-24 16:00:00,2026-09-24 16:00:00,0.0,0.3,0,완료
S0209,서류 확인,2,2026-09-24 16:00:00,2026-09-26 02:57:11,33.1,1.9,0,완료
S0209,계약,3,2026-09-26 02:57:11,,255.0,,0,진행 중
S0185,신청,1,2026-09-25 11:00:00,2026-09-25 11:00:00,0.0,0.3,0,완료
S0185,서류 확인,2,2026-09-25 11:00:00,2026-09-26 19:07:53,30.0,2.1,0,완료
S0185,계약,3,2026-09-26 19:07:53,2026-09-27 17:49:49,21.2,1.5,0,완료
S0185,상품 등록,4,2026-09-27 17:49:49,2026-09-29 18:42:08,40.7,8.2,0,완료
S0185,판매 준비 완료,5,2026-09-29 18:42:08,2026-09-30 23:24:47,26.8,1.9,0,완료
S0036,신청,1,2026-09-25 12:00:00,2026-09-25 12:00:00,0.0,0.3,0,완료
S0036,서류 확인,2,2026-09-25 12:00:00,2026-09-27 14:07:51,48.0,2.1,0,완료
S0036,계약,3,2026-09-27 14:07:51,2026-09-29 04:34:40,37.4,1.1,0,완료
S0036,상품 등록,4,2026-09-29 04:34:40,2026-10-01 04:29:11,41.1,6.8,0,완료
S0036,판매 준비 완료,5,2026-10-01 04:29:11,2026-10-03 01:37:18,42.8,2.3,0,완료
S0176,신청,1,2026-09-25 13:00:00,2026-09-25 13:00:00,0.0,0.3,0,완료
S0176,서류 확인,2,2026-09-25 13:00:00,2026-09-26 11:44:43,20.4,2.3,0,완료
S0176,계약,3,2026-09-26 11:44:43,2026-09-27 19:18:54,30.8,0.8,0,완료
S0176,상품 등록,4,2026-09-27 19:18:54,2026-09-30 15:24:04,64.0,4.1,0,완료
S0176,판매 준비 완료,5,2026-09-30 15:24:04,2026-10-02 08:08:02,38.6,2.1,0,완료
S0123,신청,1,2026-09-25 16:00:00,2026-09-25 16:00:00,0.0,0.3,0,완료
S0123,서류 확인,2,2026-09-25 16:00:00,2026-09-27 12:49:00,40.7,4.1,1,완료
S0123,계약,3,2026-09-27 12:49:00,,221.2,,0,진행 중
S0091,신청,1,2026-09-26 09:00:00,2026-09-26 09:00:00,0.0,0.3,0,완료
S0091,서류 확인,2,2026-09-26 09:00:00,2026-09-27 21:04:02,34.3,1.7,0,완료
S0091,계약,3,2026-09-27 21:04:02,2026-09-28 10:11:32,12.1,1.0,0,완료
S0091,상품 등록,4,2026-09-28 10:11:32,2026-09-30 04:32:16,34.8,7.6,1,완료
S0091,판매 준비 완료,5,2026-09-30 04:32:16,2026-10-01 10:44:36,28.1,2.1,0,완료
S0208,신청,1,2026-09-26 10:00:00,2026-09-26 10:00:00,0.0,0.3,0,완료
S0208,서류 확인,2,2026-09-26 10:00:00,2026-09-27 12:50:39,24.8,2.0,0,완료
S0208,계약,3,2026-09-27 12:50:39,2026-09-28 16:35:57,26.0,1.7,0,완료
S0208,상품 등록,4,2026-09-28 16:35:57,2026-09-30 10:04:15,35.7,5.8,0,완료
S0208,판매 준비 완료,5,2026-09-30 10:04:15,2026-10-01 23:16:36,35.0,2.2,0,완료
S0166,신청,1,2026-09-26 11:00:00,2026-09-26 11:00:00,0.0,0.3,0,완료
S0166,서류 확인,2,2026-09-26 11:00:00,2026-09-27 13:42:45,25.1,1.6,0,완료
S0166,계약,3,2026-09-27 13:42:45,2026-09-28 16:32:23,25.4,1.5,0,완료
S0166,상품 등록,4,2026-09-28 16:32:23,2026-09-30 23:46:42,49.0,6.2,0,완료
S0166,판매 준비 완료,5,2026-09-30 23:46:42,2026-10-02 06:34:21,28.6,2.2,0,완료
S0046,신청,1,2026-09-26 14:00:00,2026-09-26 14:00:00,0.0,0.3,0,완료
S0046,서류 확인,2,2026-09-26 14:00:00,2026-09-28 12:20:59,42.5,3.8,1,완료
S0046,계약,3,2026-09-28 12:20:59,2026-09-30 07:46:16,41.4,2.0,0,완료
S0046,상품 등록,4,2026-09-30 07:46:16,2026-10-04 01:53:00,83.1,7.0,0,완료
S0046,판매 준비 완료,5,2026-10-04 01:53:00,2026-10-06 03:36:10,47.1,2.6,0,완료
S0022,신청,1,2026-09-26 15:00:00,2026-09-26 15:00:00,0.0,0.3,0,완료
S0022,서류 확인,2,2026-09-26 15:00:00,2026-09-28 06:33:00,37.4,2.1,0,완료
S0022,계약,3,2026-09-28 06:33:00,2026-09-29 15:08:21,30.9,1.6,0,완료
S0022,상품 등록,4,2026-09-29 15:08:21,2026-10-02 14:17:41,66.2,4.9,0,완료
S0022,판매 준비 완료,5,2026-10-02 14:17:41,2026-10-03 19:21:18,27.3,1.8,0,완료
S0173,신청,1,2026-09-26 16:00:00,2026-09-26 16:00:00,0.0,0.3,0,완료
S0173,서류 확인,2,2026-09-26 16:00:00,2026-09-27 17:17:16,22.9,2.3,0,완료
S0173,계약,3,2026-09-27 17:17:16,2026-09-28 18:09:47,23.8,1.1,0,완료
S0173,상품 등록,4,2026-09-28 18:09:47,2026-10-01 12:40:53,59.2,7.3,1,완료
S0173,판매 준비 완료,5,2026-10-01 12:40:53,2026-10-02 10:36:34,20.1,1.8,0,완료
S0031,신청,1,2026-09-27 11:00:00,2026-09-27 11:00:00,0.0,0.3,0,완료
S0031,서류 확인,2,2026-09-27 11:00:00,2026-09-28 22:47:50,33.2,2.6,0,완료
S0031,계약,3,2026-09-28 22:47:50,2026-09-29 12:30:26,12.5,1.2,0,완료
S0031,상품 등록,4,2026-09-29 12:30:26,2026-10-01 21:35:14,53.5,3.5,0,완료
S0031,판매 준비 완료,5,2026-10-01 21:35:14,2026-10-02 15:10:58,15.2,2.4,0,완료
S0239,신청,1,2026-09-27 11:00:00,2026-09-27 11:00:00,0.0,0.3,0,완료
S0239,서류 확인,2,2026-09-27 11:00:00,2026-09-29 01:52:10,32.8,6.1,2,완료
S0239,계약,3,2026-09-29 01:52:10,2026-09-30 09:31:41,30.1,1.5,0,완료
S0239,상품 등록,4,2026-09-30 09:31:41,2026-10-03 00:33:03,57.1,6.0,0,완료
S0239,판매 준비 완료,5,2026-10-03 00:33:03,2026-10-04 02:56:07,23.7,2.7,0,완료
S0197,신청,1,2026-09-27 12:00:00,2026-09-27 12:00:00,0.0,0.3,0,완료
S0197,서류 확인,2,2026-09-27 12:00:00,2026-09-28 16:37:06,26.0,2.6,0,완료
S0197,계약,3,2026-09-28 16:37:06,2026-09-29 14:40:49,20.7,1.4,0,완료
S0197,상품 등록,4,2026-09-29 14:40:49,2026-09-30 12:48:11,18.2,3.9,0,완료
S0197,판매 준비 완료,5,2026-09-30 12:48:11,2026-10-02 01:21:15,34.9,1.7,0,완료
S0024,신청,1,2026-09-27 16:00:00,2026-09-27 16:00:00,0.0,0.3,0,완료
S0024,서류 확인,2,2026-09-27 16:00:00,2026-09-28 12:46:57,19.2,1.6,0,완료
S0024,계약,3,2026-09-28 12:46:57,2026-09-29 03:08:57,13.0,1.4,0,완료
S0024,상품 등록,4,2026-09-29 03:08:57,2026-10-02 02:27:23,62.3,9.1,2,완료
S0024,판매 준비 완료,5,2026-10-02 02:27:23,2026-10-03 15:33:16,35.4,1.7,0,완료
S0216,신청,1,2026-09-27 16:00:00,2026-09-27 16:00:00,0.0,0.3,0,완료
S0216,서류 확인,2,2026-09-27 16:00:00,2026-09-28 20:21:43,23.9,4.4,1,완료
S0216,계약,3,2026-09-28 20:21:43,2026-09-29 19:27:56,21.4,1.7,0,완료
S0216,상품 등록,4,2026-09-29 19:27:56,2026-10-01 20:06:37,43.5,5.2,0,완료
S0216,판매 준비 완료,5,2026-10-01 20:06:37,2026-10-02 12:43:37,15.0,1.6,0,완료
S0069,신청,1,2026-09-28 11:00:00,2026-09-28 11:00:00,0.0,0.3,0,완료
S0069,서류 확인,2,2026-09-28 11:00:00,2026-09-29 19:30:10,30.9,1.6,0,완료
S0069,계약,3,2026-09-29 19:30:10,2026-09-30 07:53:31,10.8,1.6,0,완료
S0069,상품 등록,4,2026-09-30 07:53:31,2026-10-02 09:32:45,44.5,5.2,0,완료
S0069,판매 준비 완료,5,2026-10-02 09:32:45,2026-10-03 08:09:40,20.1,2.5,0,완료
S0171,신청,1,2026-09-28 11:00:00,2026-09-28 11:00:00,0.0,0.3,0,완료
S0171,서류 확인,2,2026-09-28 11:00:00,2026-09-29 15:39:55,26.3,2.3,0,완료
S0171,계약,3,2026-09-29 15:39:55,2026-09-30 14:29:44,21.4,1.4,0,완료
S0171,상품 등록,4,2026-09-30 14:29:44,2026-10-03 10:16:27,61.0,6.7,1,완료
S0171,판매 준비 완료,5,2026-10-03 10:16:27,2026-10-04 06:23:24,17.4,2.7,0,완료
S0178,신청,1,2026-09-29 10:00:00,2026-09-29 10:00:00,0.0,0.3,0,완료
S0178,서류 확인,2,2026-09-29 10:00:00,2026-09-30 13:09:57,24.5,2.7,0,완료
S0178,계약,3,2026-09-30 13:09:57,2026-10-01 08:45:42,18.3,1.3,0,완료
S0178,상품 등록,4,2026-10-01 08:45:42,2026-10-02 12:28:41,22.4,5.3,0,완료
S0178,판매 준비 완료,5,2026-10-02 12:28:41,2026-10-03 09:11:47,19.1,1.7,0,완료
S0215,신청,1,2026-09-29 13:00:00,2026-09-29 13:00:00,0.0,0.3,0,완료
S0215,서류 확인,2,2026-09-29 13:00:00,2026-09-30 12:04:21,20.7,2.4,0,완료
S0215,계약,3,2026-09-30 12:04:21,2026-10-01 17:31:30,27.6,1.9,0,완료
S0215,상품 등록,4,2026-10-01 17:31:30,2026-10-03 02:02:03,28.0,4.5,0,완료
S0215,판매 준비 완료,5,2026-10-03 02:02:03,2026-10-03 19:30:04,15.3,2.2,0,완료
S0235,신청,1,2026-09-29 15:00:00,2026-09-29 15:00:00,0.0,0.3,0,완료
S0235,서류 확인,2,2026-09-29 15:00:00,2026-09-30 19:27:56,25.2,3.2,0,완료
S0235,계약,3,2026-09-30 19:27:56,2026-10-01 23:28:15,26.4,1.6,0,완료
S0235,상품 등록,4,2026-10-01 23:28:15,2026-10-04 10:54:58,53.5,5.9,0,완료
S0235,판매 준비 완료,5,2026-10-04 10:54:58,2026-10-05 18:06:11,29.2,2.0,0,완료
S0196,신청,1,2026-09-29 16:00:00,2026-09-29 16:00:00,0.0,0.3,0,완료
S0196,서류 확인,2,2026-09-29 16:00:00,2026-10-01 00:44:38,28.9,3.8,1,완료
S0196,계약,3,2026-10-01 00:44:38,2026-10-02 02:07:34,24.1,1.3,0,완료
S0196,상품 등록,4,2026-10-02 02:07:34,2026-10-05 08:33:06,73.4,5.0,0,완료
S0196,판매 준비 완료,5,2026-10-05 08:33:06,2026-10-06 01:47:51,15.8,1.5,0,완료
S0066,신청,1,2026-09-30 11:00:00,2026-09-30 11:00:00,0.0,0.3,0,완료
S0066,서류 확인,2,2026-09-30 11:00:00,2026-10-02 03:42:04,38.0,2.7,0,완료
S0066,계약,3,2026-10-02 03:42:04,2026-10-02 21:36:07,16.3,1.6,0,완료
S0066,상품 등록,4,2026-10-02 21:36:07,2026-10-05 09:16:45,55.5,4.2,0,완료
S0066,판매 준비 완료,5,2026-10-05 09:16:45,,32.7,,0,진행 중
S0195,신청,1,2026-09-30 13:00:00,2026-09-30 13:00:00,0.0,0.3,0,완료
S0195,서류 확인,2,2026-09-30 13:00:00,2026-10-02 05:59:14,38.0,3.0,1,완료
S0195,계약,3,2026-10-02 05:59:14,2026-10-03 10:28:00,26.7,1.8,0,완료
S0195,상품 등록,4,2026-10-03 10:28:00,2026-10-05 17:19:15,49.6,5.2,0,완료
S0195,판매 준비 완료,5,2026-10-05 17:19:15,,24.7,,0,진행 중
S0124,신청,1,2026-09-30 14:00:00,2026-09-30 14:00:00,0.0,0.3,0,완료
S0124,서류 확인,2,2026-09-30 14:00:00,2026-10-02 20:31:47,53.0,1.5,0,완료
S0124,계약,3,2026-10-02 20:31:47,2026-10-03 12:24:20,14.7,1.2,0,완료
S0124,상품 등록,4,2026-10-03 12:24:20,2026-10-05 17:11:08,45.9,6.9,0,완료
S0124,판매 준비 완료,5,2026-10-05 17:11:08,2026-10-06 17:01:27,22.0,1.9,0,완료
S0038,신청,1,2026-09-30 16:00:00,2026-09-30 16:00:00,0.0,0.3,0,완료
S0038,서류 확인,2,2026-09-30 16:00:00,2026-10-01 07:26:20,14.1,1.3,0,완료
S0038,계약,3,2026-10-01 07:26:20,2026-10-02 08:00:09,23.2,1.3,0,완료
S0038,상품 등록,4,2026-10-02 08:00:09,2026-10-04 07:33:18,40.9,6.6,0,완료
S0038,판매 준비 완료,5,2026-10-04 07:33:18,2026-10-05 10:51:34,24.9,2.4,0,완료
S0156,신청,1,2026-09-30 16:00:00,2026-09-30 16:00:00,0.0,0.3,0,완료
S0156,서류 확인,2,2026-09-30 16:00:00,2026-10-02 01:57:52,32.2,1.8,0,완료
S0156,계약,3,2026-10-02 01:57:52,2026-10-02 23:33:11,20.5,1.1,0,완료
S0156,상품 등록,4,2026-10-02 23:33:11,2026-10-04 11:12:41,30.7,5.0,0,완료
S0156,판매 준비 완료,5,2026-10-04 11:12:41,2026-10-05 16:52:42,27.7,2.0,0,완료
S0012,신청,1,2026-10-01 10:00:00,2026-10-01 10:00:00,0.0,0.3,0,완료
S0012,서류 확인,2,2026-10-01 10:00:00,2026-10-02 19:17:58,31.1,2.2,0,완료
S0012,계약,3,2026-10-02 19:17:58,2026-10-03 17:40:50,20.9,1.4,0,완료
S0012,상품 등록,4,2026-10-03 17:40:50,2026-10-04 13:56:16,17.0,3.3,0,완료
S0012,판매 준비 완료,5,2026-10-04 13:56:16,2026-10-05 22:22:43,31.0,1.5,0,완료
S0059,신청,1,2026-10-01 15:00:00,2026-10-01 15:00:00,0.0,0.3,0,완료
S0059,서류 확인,2,2026-10-01 15:00:00,2026-10-02 19:50:10,27.0,1.9,0,완료
S0059,계약,3,2026-10-02 19:50:10,2026-10-04 02:33:36,28.9,1.8,0,완료
S0059,상품 등록,4,2026-10-04 02:33:36,2026-10-06 02:26:52,44.6,3.2,0,완료
S0059,판매 준비 완료,5,2026-10-06 02:26:52,,15.6,,0,진행 중
S0202,신청,1,2026-10-02 10:00:00,2026-10-02 10:00:00,0.0,0.3,0,완료
S0202,서류 확인,2,2026-10-02 10:00:00,2026-10-03 19:12:45,31.2,2.0,0,완료
S0202,계약,3,2026-10-03 19:12:45,2026-10-04 16:43:10,20.0,1.5,0,완료
S0202,상품 등록,4,2026-10-04 16:43:10,2026-10-06 08:35:17,34.4,5.5,0,완료
S0202,판매 준비 완료,5,2026-10-06 08:35:17,,9.4,,0,진행 중
S0219,신청,1,2026-10-02 13:00:00,2026-10-02 13:00:00,0.0,0.3,0,완료
S0219,서류 확인,2,2026-10-02 13:00:00,2026-10-04 10:22:04,43.9,1.4,0,완료
S0219,계약,3,2026-10-04 10:22:04,2026-10-06 12:21:27,48.2,1.8,0,완료
S0219,상품 등록,4,2026-10-06 12:21:27,,5.6,,1,진행 중
S0108,신청,1,2026-10-02 16:00:00,2026-10-02 16:00:00,0.0,0.3,0,완료
S0108,서류 확인,2,2026-10-02 16:00:00,2026-10-03 18:34:59,24.5,2.1,0,완료
S0108,계약,3,2026-10-03 18:34:59,2026-10-04 18:46:31,23.0,1.2,0,완료
S0108,상품 등록,4,2026-10-04 18:46:31,,47.2,,0,진행 중
S0151,신청,1,2026-10-02 16:00:00,2026-10-02 16:00:00,0.0,0.3,0,완료
S0151,서류 확인,2,2026-10-02 16:00:00,2026-10-03 22:12:05,27.6,2.6,0,완료
S0151,계약,3,2026-10-03 22:12:05,2026-10-04 23:26:22,24.0,1.3,0,완료
S0151,상품 등록,4,2026-10-04 23:26:22,,42.6,,0,진행 중
S0094,신청,1,2026-10-03 12:00:00,2026-10-03 12:00:00,0.0,0.3,0,완료
S0094,서류 확인,2,2026-10-03 12:00:00,2026-10-04 17:11:23,27.5,1.7,0,완료
S0094,계약,3,2026-10-04 17:11:23,2026-10-05 12:00:00,17.7,1.1,0,완료
S0094,상품 등록,4,2026-10-05 12:00:00,,30.0,,0,진행 중
S0183,신청,1,2026-10-03 12:00:00,2026-10-03 12:00:00,0.0,0.3,0,완료
S0183,서류 확인,2,2026-10-03 12:00:00,2026-10-05 13:35:46,47.8,1.8,0,완료
S0183,계약,3,2026-10-05 13:35:46,2026-10-06 12:58:59,22.0,1.4,0,완료
S0183,상품 등록,4,2026-10-06 12:58:59,,5.0,,0,진행 중
S0144,신청,1,2026-10-03 14:00:00,2026-10-03 14:00:00,0.0,0.3,0,완료
S0144,서류 확인,2,2026-10-03 14:00:00,2026-10-05 05:00:36,37.0,2.0,0,완료
S0144,계약,3,2026-10-05 05:00:36,2026-10-06 08:29:04,26.4,1.0,0,완료
S0144,상품 등록,4,2026-10-06 08:29:04,,9.5,,0,진행 중
S0174,신청,1,2026-10-03 15:00:00,2026-10-03 15:00:00,0.0,0.3,0,완료
S0174,서류 확인,2,2026-10-03 15:00:00,2026-10-04 15:59:37,22.8,2.2,0,완료
S0174,계약,3,2026-10-04 15:59:37,2026-10-05 02:46:55,9.6,1.2,0,완료
S0174,상품 등록,4,2026-10-05 02:46:55,,39.2,,0,진행 중
S0052,신청,1,2026-10-03 16:00:00,2026-10-03 16:00:00,0.0,0.3,0,완료
S0052,서류 확인,2,2026-10-03 16:00:00,2026-10-04 15:51:28,18.9,4.9,1,완료
S0052,계약,3,2026-10-04 15:51:28,2026-10-05 03:00:20,9.9,1.2,0,완료
S0052,상품 등록,4,2026-10-05 03:00:20,,39.0,,1,진행 중
S0029,신청,1,2026-10-04 11:00:00,2026-10-04 11:00:00,0.0,0.3,0,완료
S0029,서류 확인,2,2026-10-04 11:00:00,2026-10-06 00:06:09,33.3,3.8,1,완료
S0029,계약,3,2026-10-06 00:06:09,,17.9,,0,진행 중
S0170,신청,1,2026-10-04 12:00:00,2026-10-04 12:00:00,0.0,0.3,0,완료
S0170,서류 확인,2,2026-10-04 12:00:00,2026-10-06 04:20:32,35.8,4.5,1,완료
S0170,계약,3,2026-10-06 04:20:32,,13.7,,0,진행 중
S0125,신청,1,2026-10-04 14:00:00,2026-10-04 14:00:00,0.0,0.3,0,완료
S0125,서류 확인,2,2026-10-04 14:00:00,2026-10-06 02:11:05,32.1,4.1,1,완료
S0125,계약,3,2026-10-06 02:11:05,,15.8,,0,진행 중
S0121,신청,1,2026-10-04 16:00:00,2026-10-04 16:00:00,0.0,0.3,0,완료
S0121,서류 확인,2,2026-10-04 16:00:00,2026-10-06 04:25:31,32.9,3.5,1,완료
S0121,계약,3,2026-10-06 04:25:31,,13.6,,0,진행 중
S0085,신청,1,2026-10-05 09:00:00,2026-10-05 09:00:00,0.0,0.3,0,완료
S0085,서류 확인,2,2026-10-05 09:00:00,,33.0,,0,진행 중
S0105,신청,1,2026-10-05 09:00:00,2026-10-05 09:00:00,0.0,0.3,0,완료
S0105,서류 확인,2,2026-10-05 09:00:00,,33.0,,1,진행 중
S0023,신청,1,2026-10-05 10:00:00,2026-10-05 10:00:00,0.0,0.3,0,완료
S0023,서류 확인,2,2026-10-05 10:00:00,2026-10-06 13:20:42,25.0,2.4,0,완료
S0023,계약,3,2026-10-06 13:20:42,,4.7,,0,진행 중
S0078,신청,1,2026-10-05 10:00:00,2026-10-05 10:00:00,0.0,0.3,0,완료
S0078,서류 확인,2,2026-10-05 10:00:00,,32.0,,0,진행 중
S0150,신청,1,2026-10-05 12:00:00,2026-10-05 12:00:00,0.0,0.3,0,완료
S0150,서류 확인,2,2026-10-05 12:00:00,2026-10-06 11:09:51,20.8,2.4,0,완료
S0150,계약,3,2026-10-06 11:09:51,,6.8,,0,진행 중
S0168,신청,1,2026-10-05 16:00:00,2026-10-05 16:00:00,0.0,0.3,0,완료
S0168,서류 확인,2,2026-10-05 16:00:00,,26.0,,0,진행 중
