task_id,seller_id,stage,progress_stage,release_day,effort_hours,repeat_contact_count,severity
T00001,S0148,서류 확인,2,0,1.9,0,1
T00002,S0148,계약,3,1,3.4,0,1
T00003,S0148,상품 등록,4,2,5.4,0,1
T00004,S0148,판매 준비 완료,5,4,4.5,0,1
T00005,S0116,서류 확인,2,1,3.8,1,1
T00006,S0116,계약,3,3,3.2,1,1
T00007,S0116,상품 등록,4,5,3.9,1,1
T00008,S0116,판매 준비 완료,5,8,4.3,1,1
T00009,S0116,판매 준비 완료,5,9,5.5,1,1
T00010,S0044,서류 확인,2,1,2.8,2,1
T00011,S0044,계약,3,2,5.3,2,1
T00012,S0044,상품 등록,4,3,3.3,2,2
T00013,S0044,상품 등록,4,4,2.4,2,2
T00014,S0044,판매 준비 완료,5,5,4.5,2,1
T00015,S0236,서류 확인,2,1,1.6,2,1
T00016,S0236,계약,3,2,3.9,2,1
T00017,S0236,계약,3,3,4.7,2,1
T00018,S0236,상품 등록,4,2,4.7,2,1
T00019,S0035,서류 확인,2,1,3.7,0,2
T00020,S0035,서류 확인,2,2,2.8,0,2
T00021,S0035,서류 확인,2,3,2.4,0,2
T00022,S0035,계약,3,3,4.2,0,1
T00023,S0035,상품 등록,4,5,5.3,0,1
T00024,S0035,판매 준비 완료,5,8,4.4,0,1
T00025,S0035,판매 준비 완료,5,9,5.1,0,1
T00026,S0127,서류 확인,2,1,1.1,5,1
T00027,S0127,계약,3,2,4.1,5,1
T00028,S0127,상품 등록,4,3,3.9,5,2
T00029,S0127,상품 등록,4,4,4.1,5,2
T00030,S0127,상품 등록,4,5,6.1,5,2
T00031,S0127,판매 준비 완료,5,5,4.6,5,1
T00032,S0169,서류 확인,2,2,0.9,2,1
T00033,S0169,서류 확인,2,3,3.8,2,1
T00034,S0169,계약,3,3,5.1,2,1
T00035,S0169,계약,3,4,4.2,2,1
T00036,S0169,상품 등록,4,4,3.6,2,2
T00037,S0169,상품 등록,4,5,4.6,2,2
T00038,S0169,판매 준비 완료,5,6,2.5,2,1
T00039,S0008,서류 확인,2,2,2.4,2,1
T00040,S0008,계약,3,4,5.7,2,1
T00041,S0008,상품 등록,4,5,5.3,2,2
T00042,S0008,상품 등록,4,6,4.0,2,2
T00043,S0008,판매 준비 완료,5,8,5.6,2,1
T00044,S0006,서류 확인,2,2,2.4,3,1
T00045,S0006,서류 확인,2,3,3.5,3,1
T00046,S0006,계약,3,3,4.8,3,1
T00047,S0006,상품 등록,4,4,2.7,3,2
T00048,S0006,상품 등록,4,5,3.5,3,2
T00049,S0006,판매 준비 완료,5,6,4.9,3,1
T00050,S0055,서류 확인,2,3,3.5,0,1
T00051,S0055,계약,3,4,3.8,0,1
T00052,S0055,상품 등록,4,5,4.0,0,1
T00053,S0055,판매 준비 완료,5,8,4.2,0,1
T00054,S0063,서류 확인,2,3,3.1,0,1
T00055,S0063,계약,3,4,1.9,0,1
T00056,S0063,상품 등록,4,5,4.8,0,1
T00057,S0063,판매 준비 완료,5,6,6.8,0,1
T00058,S0177,서류 확인,2,3,4.7,2,2
T00059,S0177,서류 확인,2,4,3.9,2,2
T00060,S0177,계약,3,5,3.6,2,1
T00061,S0177,상품 등록,4,6,5.2,2,1
T00062,S0177,판매 준비 완료,5,8,3.2,2,1
T00063,S0065,서류 확인,2,3,3.3,0,1
T00064,S0065,계약,3,4,2.9,0,1
T00065,S0065,상품 등록,4,6,4.5,0,1
T00066,S0065,판매 준비 완료,5,8,3.1,0,1
T00067,S0194,서류 확인,2,3,3.0,2,1
T00068,S0194,계약,3,4,4.8,2,1
T00069,S0194,상품 등록,4,5,4.0,2,1
T00070,S0194,판매 준비 완료,5,8,3.7,2,1
T00071,S0194,판매 준비 완료,5,9,3.5,2,1
T00072,S0205,서류 확인,2,3,3.8,0,1
T00073,S0205,계약,3,4,5.5,0,1
T00074,S0205,상품 등록,4,5,4.0,0,1
T00075,S0205,판매 준비 완료,5,8,5.2,0,1
T00076,S0205,판매 준비 완료,5,9,4.3,0,1
T00077,S0057,서류 확인,2,3,5.3,0,1
T00078,S0057,계약,3,4,6.8,0,1
T00079,S0057,계약,3,5,3.0,0,1
T00080,S0057,상품 등록,4,5,5.4,0,1
T00081,S0057,상품 등록,4,6,6.1,0,1
T00082,S0057,판매 준비 완료,5,8,5.3,0,1
T00083,S0057,판매 준비 완료,5,9,4.7,0,1
T00084,S0089,서류 확인,2,4,2.5,2,1
T00085,S0089,서류 확인,2,5,1.6,2,1
T00086,S0089,계약,3,5,2.0,2,1
T00087,S0089,상품 등록,4,5,5.7,2,2
T00088,S0089,상품 등록,4,6,3.4,2,2
T00089,S0089,판매 준비 완료,5,8,5.7,2,1
T00090,S0184,서류 확인,2,4,4.1,0,1
T00091,S0184,계약,3,5,4.0,0,1
T00092,S0184,계약,3,6,4.0,0,1
T00093,S0184,상품 등록,4,5,3.9,0,1
T00094,S0184,판매 준비 완료,5,8,4.2,0,1
T00095,S0062,서류 확인,2,4,3.9,3,1
T00096,S0062,계약,3,5,3.1,3,1
T00097,S0062,상품 등록,4,7,4.6,3,1
T00098,S0062,판매 준비 완료,5,10,5.9,3,1
T00099,S0224,서류 확인,2,4,3.7,0,1
T00100,S0224,서류 확인,2,5,4.1,0,1
T00101,S0224,계약,3,5,4.4,0,1
T00102,S0224,상품 등록,4,5,5.5,0,1
T00103,S0097,서류 확인,2,4,3.7,0,1
T00104,S0097,계약,3,5,2.3,0,1
T00105,S0097,계약,3,6,2.4,0,1
T00106,S0097,상품 등록,4,6,4.7,0,2
T00107,S0097,상품 등록,4,7,4.8,0,2
T00108,S0097,상품 등록,4,8,3.8,0,2
T00109,S0097,판매 준비 완료,5,8,3.0,0,1
T00110,S0097,판매 준비 완료,5,9,5.3,0,1
T00111,S0042,서류 확인,2,4,1.4,3,2
T00112,S0042,서류 확인,2,5,3.7,3,2
T00113,S0042,계약,3,5,5.5,3,1
T00114,S0042,상품 등록,4,5,3.7,3,1
T00115,S0042,상품 등록,4,6,4.8,3,1
T00116,S0042,판매 준비 완료,5,8,5.5,3,1
T00117,S0042,판매 준비 완료,5,9,5.0,3,1
T00118,S0223,서류 확인,2,4,1.8,1,2
T00119,S0223,서류 확인,2,5,4.7,1,2
T00120,S0223,계약,3,5,2.7,1,1
T00121,S0223,상품 등록,4,6,4.2,1,1
T00122,S0223,판매 준비 완료,5,8,4.2,1,1
T00123,S0087,서류 확인,2,5,2.1,0,1
T00124,S0087,계약,3,6,1.8,0,1
T00125,S0087,계약,3,7,2.5,0,1
T00126,S0087,상품 등록,4,7,3.9,0,1
T00127,S0087,상품 등록,4,8,3.6,0,1
T00128,S0087,판매 준비 완료,5,10,3.0,0,1
T00129,S0157,서류 확인,2,5,4.8,2,1
T00130,S0157,계약,3,6,4.1,2,1
T00131,S0157,계약,3,7,3.0,2,1
T00132,S0157,상품 등록,4,7,3.2,2,1
T00133,S0157,판매 준비 완료,5,10,5.3,2,1
T00134,S0157,판매 준비 완료,5,11,4.8,2,1
T00135,S0212,서류 확인,2,5,4.1,1,2
T00136,S0212,서류 확인,2,6,6.5,1,2
T00137,S0212,계약,3,5,3.9,1,1
T00138,S0212,상품 등록,4,6,3.7,1,1
T00139,S0212,상품 등록,4,7,4.9,1,1
T00140,S0212,판매 준비 완료,5,9,2.7,1,1
T00141,S0212,판매 준비 완료,5,10,6.0,1,1
T00142,S0198,서류 확인,2,5,1.9,1,1
T00143,S0198,계약,3,5,4.7,1,1
T00144,S0198,계약,3,6,5.2,1,1
T00145,S0198,상품 등록,4,6,4.6,1,1
T00146,S0198,상품 등록,4,7,5.5,1,1
T00147,S0198,판매 준비 완료,5,7,4.3,1,1
T00148,S0017,서류 확인,2,5,4.0,1,1
T00149,S0017,서류 확인,2,6,3.2,1,1
T00150,S0017,계약,3,6,5.3,1,1
T00151,S0017,상품 등록,4,7,4.4,1,1
T00152,S0017,상품 등록,4,8,4.0,1,1
T00153,S0017,판매 준비 완료,5,11,5.1,1,1
T00154,S0114,서류 확인,2,6,4.5,3,1
T00155,S0114,계약,3,8,3.1,3,1
T00156,S0114,상품 등록,4,9,4.9,3,1
T00157,S0114,상품 등록,4,10,3.7,3,1
T00158,S0114,판매 준비 완료,5,12,4.8,3,1
T00159,S0114,판매 준비 완료,5,13,4.1,3,1
T00160,S0228,서류 확인,2,6,3.2,2,1
T00161,S0228,서류 확인,2,7,4.1,2,1
T00162,S0228,계약,3,7,4.0,2,1
T00163,S0228,상품 등록,4,9,4.0,2,2
T00164,S0228,상품 등록,4,10,4.9,2,2
T00165,S0228,판매 준비 완료,5,11,3.4,2,1
T00166,S0005,서류 확인,2,6,2.3,1,1
T00167,S0005,서류 확인,2,7,3.2,1,1
T00168,S0005,계약,3,7,4.7,1,1
T00169,S0005,계약,3,8,5.8,1,1
T00170,S0005,상품 등록,4,8,3.2,1,2
T00171,S0005,상품 등록,4,9,4.0,1,2
T00172,S0005,판매 준비 완료,5,10,4.2,1,1
T00173,S0041,서류 확인,2,6,3.7,1,1
T00174,S0041,서류 확인,2,7,3.4,1,1
T00175,S0041,계약,3,8,1.1,1,1
T00176,S0041,상품 등록,4,9,4.2,1,2
T00177,S0041,상품 등록,4,10,4.4,1,2
T00178,S0041,판매 준비 완료,5,12,3.6,1,1
T00179,S0007,서류 확인,2,7,2.7,0,1
T00180,S0007,계약,3,8,4.3,0,1
T00181,S0007,상품 등록,4,9,3.0,0,1
T00182,S0007,판매 준비 완료,5,11,5.7,0,1
T00183,S0051,서류 확인,2,7,3.9,2,1
T00184,S0051,계약,3,8,4.5,2,1
T00185,S0051,계약,3,9,2.9,2,1
T00186,S0051,상품 등록,4,9,4.1,2,1
T00187,S0051,판매 준비 완료,5,11,3.9,2,1
T00188,S0073,서류 확인,2,7,3.2,3,2
T00189,S0073,서류 확인,2,8,4.8,3,2
T00190,S0073,계약,3,9,3.3,3,1
T00191,S0073,계약,3,10,4.7,3,1
T00192,S0073,상품 등록,4,10,3.1,3,1
T00193,S0073,상품 등록,4,11,5.9,3,1
T00194,S0073,판매 준비 완료,5,12,3.1,3,1
T00195,S0218,서류 확인,2,7,4.0,4,2
T00196,S0218,서류 확인,2,8,3.7,4,2
T00197,S0218,계약,3,8,4.6,4,1
T00198,S0218,상품 등록,4,9,4.9,4,1
T00199,S0218,판매 준비 완료,5,11,3.9,4,1
T00200,S0040,서류 확인,2,7,3.1,2,2
T00201,S0040,서류 확인,2,8,4.0,2,2
T00202,S0040,계약,3,8,3.4,2,1
T00203,S0040,상품 등록,4,10,3.4,2,1
T00204,S0040,판매 준비 완료,5,11,3.9,2,1
T00205,S0040,판매 준비 완료,5,12,3.8,2,1
T00206,S0086,서류 확인,2,7,2.2,1,1
T00207,S0086,계약,3,8,3.9,1,1
T00208,S0086,상품 등록,4,9,4.0,1,2
T00209,S0086,상품 등록,4,10,4.2,1,2
T00210,S0086,상품 등록,4,11,4.3,1,2
T00211,S0086,판매 준비 완료,5,11,5.0,1,1
T00212,S0083,서류 확인,2,7,3.5,2,2
T00213,S0083,서류 확인,2,8,2.7,2,2
T00214,S0083,계약,3,8,3.8,2,1
T00215,S0083,계약,3,9,4.0,2,1
T00216,S0083,상품 등록,4,9,4.1,2,1
T00217,S0083,판매 준비 완료,5,11,4.1,2,1
T00218,S0160,서류 확인,2,8,3.3,3,1
T00219,S0160,계약,3,9,3.5,3,1
T00220,S0160,상품 등록,4,10,2.8,3,1
T00221,S0160,판매 준비 완료,5,11,3.8,3,1
T00222,S0186,서류 확인,2,8,4.1,2,1
T00223,S0186,계약,3,9,4.1,2,1
T00224,S0186,상품 등록,4,10,5.3,2,1
T00225,S0139,서류 확인,2,8,2.4,1,1
T00226,S0139,계약,3,10,3.6,1,1
T00227,S0139,상품 등록,4,11,4.6,1,1
T00228,S0139,상품 등록,4,12,4.7,1,1
T00229,S0139,판매 준비 완료,5,14,5.5,1,1
T00230,S0139,판매 준비 완료,5,15,6.7,1,1
T00231,S0064,서류 확인,2,8,3.9,3,2
T00232,S0064,서류 확인,2,9,4.3,3,2
T00233,S0064,계약,3,9,5.2,3,1
T00234,S0064,계약,3,10,4.3,3,1
T00235,S0064,상품 등록,4,10,4.3,3,1
T00236,S0064,판매 준비 완료,5,13,4.3,3,1
T00237,S0120,서류 확인,2,8,4.3,0,1
T00238,S0120,계약,3,9,5.8,0,1
T00239,S0120,상품 등록,4,10,4.3,0,1
T00240,S0120,판매 준비 완료,5,12,4.4,0,1
T00241,S0047,서류 확인,2,8,4.0,3,2
T00242,S0047,서류 확인,2,9,4.1,3,2
T00243,S0047,계약,3,9,4.9,3,1
T00244,S0047,상품 등록,4,10,3.2,3,1
T00245,S0047,상품 등록,4,11,5.0,3,1
T00246,S0047,판매 준비 완료,5,12,5.0,3,1
T00247,S0010,서류 확인,2,9,2.9,1,1
T00248,S0010,계약,3,10,3.2,1,1
T00249,S0010,계약,3,11,5.3,1,1
T00250,S0010,상품 등록,4,11,4.3,1,1
T00251,S0010,판매 준비 완료,5,15,4.7,1,1
T00252,S0010,판매 준비 완료,5,16,6.1,1,1
T00253,S0207,서류 확인,2,9,3.1,0,1
T00254,S0207,서류 확인,2,10,3.2,0,1
T00255,S0207,계약,3,10,4.9,0,1
T00256,S0207,상품 등록,4,11,4.8,0,1
T00257,S0207,상품 등록,4,12,5.3,0,1
T00258,S0207,판매 준비 완료,5,12,4.8,0,1
T00259,S0011,서류 확인,2,9,4.1,3,2
T00260,S0011,서류 확인,2,10,3.5,3,2
T00261,S0011,계약,3,10,2.7,3,1
T00262,S0011,상품 등록,4,11,3.4,3,1
T00263,S0011,판매 준비 완료,5,13,4.2,3,1
T00264,S0201,서류 확인,2,9,1.9,2,2
T00265,S0201,서류 확인,2,10,3.3,2,2
T00266,S0201,계약,3,11,3.4,2,1
T00267,S0201,상품 등록,4,12,4.1,2,1
T00268,S0201,상품 등록,4,13,6.0,2,1
T00269,S0201,판매 준비 완료,5,13,2.7,2,1
T00270,S0201,판매 준비 완료,5,14,5.9,2,1
T00271,S0068,서류 확인,2,9,3.0,0,1
T00272,S0068,계약,3,11,4.1,0,1
T00273,S0068,상품 등록,4,12,1.6,0,1
T00274,S0068,판매 준비 완료,5,16,3.9,0,1
T00275,S0136,서류 확인,2,9,3.5,0,1
T00276,S0136,계약,3,10,3.5,0,1
T00277,S0136,상품 등록,4,10,4.2,0,1
T00278,S0136,판매 준비 완료,5,12,4.9,0,1
T00279,S0034,서류 확인,2,9,2.3,2,1
T00280,S0034,계약,3,10,2.5,2,1
T00281,S0158,서류 확인,2,9,5.1,0,1
T00282,S0158,계약,3,10,3.0,0,1
T00283,S0158,상품 등록,4,11,3.0,0,1
T00284,S0158,판매 준비 완료,5,13,6.5,0,1
T00285,S0158,판매 준비 완료,5,14,5.3,0,1
T00286,S0211,서류 확인,2,9,3.4,4,2
T00287,S0211,서류 확인,2,10,2.7,4,2
T00288,S0211,계약,3,11,3.8,4,1
T00289,S0211,상품 등록,4,13,6.3,4,2
T00290,S0211,상품 등록,4,14,4.5,4,2
T00291,S0211,판매 준비 완료,5,15,5.0,4,1
T00292,S0088,서류 확인,2,9,3.6,1,1
T00293,S0088,계약,3,11,3.8,1,1
T00294,S0088,상품 등록,4,12,6.0,1,1
T00295,S0088,판매 준비 완료,5,15,4.8,1,1
T00296,S0090,서류 확인,2,9,2.8,0,1
T00297,S0090,계약,3,10,4.3,0,1
T00298,S0090,계약,3,11,4.2,0,1
T00299,S0090,상품 등록,4,10,3.6,0,1
T00300,S0090,판매 준비 완료,5,12,3.9,0,1
T00301,S0090,판매 준비 완료,5,13,4.5,0,1
T00302,S0222,서류 확인,2,9,2.4,0,1
T00303,S0222,계약,3,10,3.8,0,1
T00304,S0222,상품 등록,4,12,1.6,0,1
T00305,S0222,판매 준비 완료,5,15,4.7,0,1
T00306,S0093,서류 확인,2,10,4.4,1,1
T00307,S0093,계약,3,12,2.2,1,1
T00308,S0093,상품 등록,4,13,4.6,1,1
T00309,S0093,판매 준비 완료,5,15,3.0,1,1
T00310,S0175,서류 확인,2,10,4.0,2,2
T00311,S0175,서류 확인,2,11,5.8,2,2
T00312,S0175,서류 확인,2,12,6.2,2,2
T00313,S0175,계약,3,12,4.2,2,1
T00314,S0175,상품 등록,4,13,4.0,2,1
T00315,S0175,상품 등록,4,14,5.2,2,1
T00316,S0175,판매 준비 완료,5,15,3.0,2,1
T00317,S0175,판매 준비 완료,5,16,6.3,2,1
T00318,S0075,서류 확인,2,10,4.5,1,1
T00319,S0075,계약,3,11,3.6,1,1
T00320,S0075,상품 등록,4,12,4.0,1,1
T00321,S0075,판매 준비 완료,5,14,5.6,1,1
T00322,S0079,서류 확인,2,10,3.3,1,2
T00323,S0079,서류 확인,2,11,2.7,1,2
T00324,S0079,계약,3,11,2.5,1,1
T00325,S0079,상품 등록,4,13,4.2,1,1
T00326,S0079,판매 준비 완료,5,16,5.1,1,1
T00327,S0102,서류 확인,2,10,3.6,2,2
T00328,S0102,서류 확인,2,11,4.2,2,2
T00329,S0102,계약,3,12,2.6,2,1
T00330,S0102,상품 등록,4,12,5.7,2,1
T00331,S0102,판매 준비 완료,5,13,3.1,2,1
T00332,S0071,서류 확인,2,11,3.0,0,1
T00333,S0071,계약,3,12,3.0,0,1
T00334,S0071,상품 등록,4,13,5.4,0,1
T00335,S0071,판매 준비 완료,5,16,5.2,0,1
T00336,S0071,판매 준비 완료,5,17,4.5,0,1
T00337,S0074,서류 확인,2,11,4.5,2,1
T00338,S0074,계약,3,12,4.9,2,1
T00339,S0074,상품 등록,4,14,4.1,2,1
T00340,S0074,판매 준비 완료,5,17,3.4,2,1
T00341,S0138,서류 확인,2,11,4.2,3,1
T00342,S0138,서류 확인,2,12,3.7,3,1
T00343,S0138,계약,3,12,4.3,3,1
T00344,S0138,상품 등록,4,14,3.6,3,2
T00345,S0138,상품 등록,4,15,4.5,3,2
T00346,S0138,상품 등록,4,16,5.6,3,2
T00347,S0138,판매 준비 완료,5,16,5.0,3,1
T00348,S0103,서류 확인,2,11,3.5,0,1
T00349,S0103,계약,3,12,3.4,0,1
T00350,S0103,상품 등록,4,13,4.9,0,1
T00351,S0103,판매 준비 완료,5,16,3.9,0,1
T00352,S0103,판매 준비 완료,5,17,4.4,0,1
T00353,S0115,서류 확인,2,13,3.1,3,2
T00354,S0115,서류 확인,2,14,3.4,3,2
T00355,S0115,계약,3,14,4.7,3,1
T00356,S0115,상품 등록,4,14,4.4,3,2
T00357,S0115,상품 등록,4,15,5.5,3,2
T00358,S0115,판매 준비 완료,5,17,5.0,3,1
T00359,S0115,판매 준비 완료,5,18,3.4,3,1
T00360,S0128,서류 확인,2,13,3.3,0,1
T00361,S0128,서류 확인,2,14,3.1,0,1
T00362,S0004,서류 확인,2,13,3.2,1,1
T00363,S0004,계약,3,14,5.0,1,1
T00364,S0004,계약,3,15,5.6,1,1
T00365,S0129,서류 확인,2,13,2.3,0,1
T00366,S0129,계약,3,15,4.0,0,1
T00367,S0129,상품 등록,4,15,4.0,0,1
T00368,S0129,판매 준비 완료,5,17,4.3,0,1
T00369,S0096,서류 확인,2,13,3.4,4,2
T00370,S0096,서류 확인,2,14,1.5,4,2
T00371,S0096,서류 확인,2,15,4.3,4,2
T00372,S0096,계약,3,15,2.7,4,1
T00373,S0096,상품 등록,4,16,3.9,4,2
T00374,S0096,상품 등록,4,17,5.8,4,2
T00375,S0096,판매 준비 완료,5,19,4.5,4,1
T00376,S0096,판매 준비 완료,5,20,5.8,4,1
T00377,S0164,서류 확인,2,13,4.0,3,1
T00378,S0164,계약,3,14,2.9,3,1
T00379,S0164,상품 등록,4,15,4.3,3,1
T00380,S0164,판매 준비 완료,5,17,4.6,3,1
T00381,S0153,서류 확인,2,13,3.5,4,2
T00382,S0153,서류 확인,2,14,3.2,4,2
T00383,S0153,계약,3,14,4.6,4,1
T00384,S0153,상품 등록,4,16,5.7,4,2
T00385,S0153,상품 등록,4,17,4.7,4,2
T00386,S0153,판매 준비 완료,5,19,3.5,4,1
T00387,S0002,서류 확인,2,14,2.6,0,1
T00388,S0002,서류 확인,2,15,4.6,0,1
T00389,S0002,계약,3,15,4.0,0,1
T00390,S0002,상품 등록,4,17,4.4,0,2
T00391,S0002,상품 등록,4,18,3.0,0,2
T00392,S0002,상품 등록,4,19,4.6,0,2
T00393,S0002,판매 준비 완료,5,19,4.7,0,1
T00394,S0180,서류 확인,2,14,2.8,2,1
T00395,S0180,계약,3,15,4.7,2,1
T00396,S0180,상품 등록,4,16,3.1,2,1
T00397,S0180,판매 준비 완료,5,17,4.1,2,1
T00398,S0027,서류 확인,2,14,2.5,2,2
T00399,S0027,서류 확인,2,15,3.1,2,2
T00400,S0027,계약,3,14,1.3,2,1
T00401,S0027,상품 등록,4,15,5.4,2,1
T00402,S0027,상품 등록,4,16,4.7,2,1
T00403,S0027,판매 준비 완료,5,17,5.4,2,1
T00404,S0027,판매 준비 완료,5,18,5.3,2,1
T00405,S0192,서류 확인,2,14,2.2,2,1
T00406,S0192,서류 확인,2,15,3.6,2,1
T00407,S0192,계약,3,15,2.9,2,1
T00408,S0192,상품 등록,4,15,3.6,2,1
T00409,S0192,판매 준비 완료,5,17,3.9,2,1
T00410,S0192,판매 준비 완료,5,18,3.1,2,1
T00411,S0106,서류 확인,2,14,3.2,2,2
T00412,S0106,서류 확인,2,15,1.4,2,2
T00413,S0106,서류 확인,2,16,4.2,2,2
T00414,S0106,계약,3,15,5.2,2,1
T00415,S0106,상품 등록,4,16,3.5,2,1
T00416,S0106,판매 준비 완료,5,19,4.0,2,1
T00417,S0106,판매 준비 완료,5,20,5.0,2,1
T00418,S0232,서류 확인,2,14,2.7,0,1
T00419,S0232,서류 확인,2,15,2.9,0,1
T00420,S0232,계약,3,16,3.1,0,1
T00421,S0232,상품 등록,4,17,3.8,0,1
T00422,S0232,판매 준비 완료,5,19,4.3,0,1
T00423,S0230,서류 확인,2,15,3.0,3,2
T00424,S0230,서류 확인,2,16,3.4,3,2
T00425,S0230,서류 확인,2,17,4.8,3,2
T00426,S0230,계약,3,17,3.4,3,1
T00427,S0230,상품 등록,4,18,5.3,3,2
T00428,S0230,상품 등록,4,19,4.5,3,2
T00429,S0230,판매 준비 완료,5,20,4.4,3,1
T00430,S0126,서류 확인,2,15,2.6,2,2
T00431,S0126,서류 확인,2,16,2.4,2,2
T00432,S0126,계약,3,16,3.5,2,1
T00433,S0126,상품 등록,4,17,4.3,2,1
T00434,S0126,판매 준비 완료,5,20,3.1,2,1
T00435,S0028,서류 확인,2,15,3.9,3,2
T00436,S0028,서류 확인,2,16,5.7,3,2
T00437,S0028,계약,3,16,2.5,3,1
T00438,S0028,상품 등록,4,17,4.8,3,1
T00439,S0028,판매 준비 완료,5,20,4.4,3,1
T00440,S0077,서류 확인,2,15,3.7,2,1
T00441,S0077,계약,3,16,4.7,2,1
T00442,S0077,상품 등록,4,17,5.6,2,2
T00443,S0077,상품 등록,4,18,5.5,2,2
T00444,S0077,상품 등록,4,19,4.9,2,2
T00445,S0077,판매 준비 완료,5,19,6.3,2,1
T00446,S0161,서류 확인,2,15,3.1,2,1
T00447,S0161,계약,3,16,3.0,2,1
T00448,S0161,상품 등록,4,17,4.1,2,2
T00449,S0161,상품 등록,4,18,5.5,2,2
T00450,S0161,상품 등록,4,19,6.0,2,2
T00451,S0161,판매 준비 완료,5,18,4.3,2,1
T00452,S0214,서류 확인,2,16,3.9,2,1
T00453,S0214,서류 확인,2,17,5.2,2,1
T00454,S0214,계약,3,17,3.9,2,1
T00455,S0214,상품 등록,4,17,4.3,2,1
T00456,S0214,상품 등록,4,18,3.7,2,1
T00457,S0214,판매 준비 완료,5,20,4.6,2,1
T00458,S0061,서류 확인,2,16,2.1,3,1
T00459,S0061,계약,3,17,2.1,3,1
T00460,S0061,상품 등록,4,18,4.3,3,1
T00461,S0061,판매 준비 완료,5,20,3.9,3,1
T00462,S0061,판매 준비 완료,5,21,6.2,3,1
T00463,S0130,서류 확인,2,16,3.9,0,1
T00464,S0130,계약,3,17,3.0,0,1
T00465,S0130,계약,3,18,4.7,0,1
T00466,S0130,상품 등록,4,18,4.6,0,1
T00467,S0131,서류 확인,2,16,1.3,0,1
T00468,S0131,계약,3,17,2.6,0,1
T00469,S0131,상품 등록,4,18,2.7,0,1
T00470,S0131,판매 준비 완료,5,20,5.6,0,1
T00471,S0131,판매 준비 완료,5,21,3.7,0,1
T00472,S0199,서류 확인,2,17,1.8,1,1
T00473,S0199,계약,3,17,3.4,1,1
T00474,S0199,상품 등록,4,18,2.6,1,2
T00475,S0199,상품 등록,4,19,5.5,1,2
T00476,S0199,상품 등록,4,20,6.2,1,2
T00477,S0199,판매 준비 완료,5,20,4.1,1,1
T00478,S0060,서류 확인,2,17,3.5,1,2
T00479,S0060,서류 확인,2,18,4.2,1,2
T00480,S0060,계약,3,18,3.9,1,1
T00481,S0060,상품 등록,4,19,3.9,1,1
T00482,S0060,판매 준비 완료,5,21,4.8,1,1
T00483,S0060,판매 준비 완료,5,22,4.7,1,1
T00484,S0221,서류 확인,2,17,3.7,1,1
T00485,S0221,계약,3,18,4.0,1,1
T00486,S0221,계약,3,19,4.3,1,1
T00487,S0221,상품 등록,4,18,5.5,1,1
T00488,S0221,판매 준비 완료,5,20,4.7,1,1
T00489,S0237,서류 확인,2,18,5.0,0,1
T00490,S0237,계약,3,19,3.8,0,1
T00491,S0237,상품 등록,4,20,3.2,0,1
T00492,S0237,판매 준비 완료,5,22,5.8,0,1
T00493,S0045,서류 확인,2,18,3.3,2,1
T00494,S0045,서류 확인,2,19,4.3,2,1
T00495,S0045,계약,3,20,3.2,2,1
T00496,S0045,상품 등록,4,21,4.7,2,2
T00497,S0045,상품 등록,4,22,6.6,2,2
T00498,S0181,서류 확인,2,18,5.5,0,1
T00499,S0181,계약,3,18,2.1,0,1
T00500,S0181,상품 등록,4,20,2.8,0,1
T00501,S0181,판매 준비 완료,5,22,3.3,0,1
T00502,S0229,서류 확인,2,18,3.9,0,2
T00503,S0229,서류 확인,2,19,5.5,0,2
T00504,S0229,계약,3,19,2.8,0,1
T00505,S0229,계약,3,20,5.2,0,1
T00506,S0229,상품 등록,4,20,3.7,0,1
T00507,S0229,판매 준비 완료,5,23,3.9,0,1
T00508,S0020,서류 확인,2,18,4.3,2,1
T00509,S0020,서류 확인,2,19,4.4,2,1
T00510,S0162,서류 확인,2,19,3.3,2,1
T00511,S0162,계약,3,21,5.0,2,1
T00512,S0162,상품 등록,4,22,4.5,2,1
T00513,S0162,판매 준비 완료,5,25,4.6,2,1
T00514,S0189,서류 확인,2,19,3.6,0,1
T00515,S0189,계약,3,20,3.1,0,1
T00516,S0189,상품 등록,4,21,4.1,0,1
T00517,S0189,판매 준비 완료,5,22,3.5,0,1
T00518,S0134,서류 확인,2,19,3.8,1,1
T00519,S0134,계약,3,19,5.2,1,1
T00520,S0134,계약,3,20,2.0,1,1
T00521,S0134,상품 등록,4,21,4.7,1,2
T00522,S0134,상품 등록,4,22,4.7,1,2
T00523,S0134,상품 등록,4,23,4.7,1,2
T00524,S0134,판매 준비 완료,5,23,5.0,1,1
T00525,S0049,서류 확인,2,19,4.6,1,1
T00526,S0049,계약,3,20,3.6,1,1
T00527,S0049,계약,3,21,3.8,1,1
T00528,S0049,상품 등록,4,21,3.5,1,2
T00529,S0049,상품 등록,4,22,5.3,1,2
T00530,S0049,판매 준비 완료,5,24,5.3,1,1
T00531,S0135,서류 확인,2,19,4.1,0,1
T00532,S0135,서류 확인,2,20,3.4,0,1
T00533,S0135,계약,3,20,3.4,0,1
T00534,S0135,상품 등록,4,21,5.4,0,1
T00535,S0135,판매 준비 완료,5,23,6.5,0,1
T00536,S0101,서류 확인,2,20,5.5,1,1
T00537,S0101,계약,3,21,3.4,1,1
T00538,S0101,계약,3,22,5.1,1,1
T00539,S0101,상품 등록,4,22,4.9,1,1
T00540,S0101,판매 준비 완료,5,24,3.2,1,1
T00541,S0146,서류 확인,2,20,2.6,1,1
T00542,S0146,계약,3,21,2.9,1,1
T00543,S0146,상품 등록,4,22,4.6,1,1
T00544,S0146,상품 등록,4,23,3.3,1,1
T00545,S0146,판매 준비 완료,5,23,4.6,1,1
T00546,S0155,서류 확인,2,20,1.1,1,1
T00547,S0155,계약,3,21,0.8,1,1
T00548,S0155,상품 등록,4,21,6.5,1,1
T00549,S0155,판매 준비 완료,5,23,4.6,1,1
T00550,S0109,서류 확인,2,21,2.1,0,1
T00551,S0109,계약,3,22,3.7,0,1
T00552,S0109,상품 등록,4,24,2.3,0,1
T00553,S0109,판매 준비 완료,5,27,3.5,0,1
T00554,S0154,서류 확인,2,21,3.7,4,1
T00555,S0154,계약,3,22,3.5,4,1
T00556,S0154,상품 등록,4,23,2.4,4,2
T00557,S0154,상품 등록,4,24,5.1,4,2
T00558,S0154,판매 준비 완료,5,26,5.3,4,1
T00559,S0132,서류 확인,2,21,2.8,0,1
T00560,S0132,계약,3,22,4.2,0,1
T00561,S0132,상품 등록,4,23,4.6,0,1
T00562,S0132,판매 준비 완료,5,26,4.9,0,1
T00563,S0226,서류 확인,2,21,4.3,2,2
T00564,S0226,서류 확인,2,22,5.1,2,2
T00565,S0226,서류 확인,2,23,4.7,2,2
T00566,S0226,계약,3,22,4.3,2,1
T00567,S0226,계약,3,23,2.8,2,1
T00568,S0226,상품 등록,4,23,6.6,2,1
T00569,S0226,판매 준비 완료,5,25,3.4,2,1
T00570,S0226,판매 준비 완료,5,26,5.0,2,1
T00571,S0200,서류 확인,2,21,4.4,0,1
T00572,S0200,계약,3,22,4.7,0,1
T00573,S0200,상품 등록,4,23,3.4,0,1
T00574,S0200,상품 등록,4,24,5.7,0,1
T00575,S0200,판매 준비 완료,5,24,3.6,0,1
T00576,S0200,판매 준비 완료,5,25,4.4,0,1
T00577,S0233,서류 확인,2,21,2.7,2,1
T00578,S0233,계약,3,23,2.9,2,1
T00579,S0233,상품 등록,4,24,3.7,2,1
T00580,S0233,판매 준비 완료,5,27,3.8,2,1
T00581,S0149,서류 확인,2,21,3.5,3,1
T00582,S0149,계약,3,23,2.7,3,1
T00583,S0149,상품 등록,4,25,4.7,3,1
T00584,S0149,상품 등록,4,26,5.7,3,1
T00585,S0149,판매 준비 완료,5,27,5.1,3,1
T00586,S0149,판매 준비 완료,5,28,6.2,3,1
T00587,S0204,서류 확인,2,21,2.9,0,1
T00588,S0204,계약,3,22,4.0,0,1
T00589,S0204,계약,3,23,4.4,0,1
T00590,S0204,상품 등록,4,24,3.3,0,2
T00591,S0204,상품 등록,4,25,4.8,0,2
T00592,S0204,상품 등록,4,26,4.7,0,2
T00593,S0206,서류 확인,2,22,2.5,0,2
T00594,S0206,서류 확인,2,23,5.7,0,2
T00595,S0206,서류 확인,2,24,4.4,0,2
T00596,S0206,계약,3,23,5.0,0,1
T00597,S0206,계약,3,24,2.6,0,1
T00598,S0206,상품 등록,4,23,4.1,0,1
T00599,S0206,상품 등록,4,24,5.5,0,1
T00600,S0206,판매 준비 완료,5,24,4.7,0,1
T00601,S0206,판매 준비 완료,5,25,5.0,0,1
T00602,S0225,서류 확인,2,22,3.5,0,1
T00603,S0225,계약,3,23,2.0,0,1
T00604,S0225,상품 등록,4,24,5.0,0,1
T00605,S0225,판매 준비 완료,5,26,4.0,0,1
T00606,S0076,서류 확인,2,24,2.0,0,1
T00607,S0117,서류 확인,2,24,4.3,1,1
T00608,S0117,계약,3,26,1.5,1,1
T00609,S0117,상품 등록,4,26,5.0,1,1
T00610,S0117,판매 준비 완료,5,28,4.7,1,1
T00611,S0213,서류 확인,2,24,1.4,1,2
T00612,S0213,서류 확인,2,25,4.2,1,2
T00613,S0213,계약,3,26,4.0,1,1
T00614,S0213,계약,3,27,5.1,1,1
T00615,S0213,상품 등록,4,27,3.2,1,1
T00616,S0213,판매 준비 완료,5,29,6.5,1,1
T00617,S0056,서류 확인,2,24,4.1,1,2
T00618,S0056,서류 확인,2,25,4.1,1,2
T00619,S0056,계약,3,25,3.4,1,1
T00620,S0056,상품 등록,4,26,2.7,1,1
T00621,S0056,판매 준비 완료,5,28,6.2,1,1
T00622,S0220,서류 확인,2,24,3.3,1,2
T00623,S0220,서류 확인,2,25,3.2,1,2
T00624,S0220,계약,3,26,4.7,1,1
T00625,S0220,계약,3,27,4.4,1,1
T00626,S0220,상품 등록,4,28,1.6,1,1
T00627,S0220,판매 준비 완료,5,30,4.6,1,1
T00628,S0182,서류 확인,2,25,3.3,0,1
T00629,S0182,계약,3,27,4.0,0,1
T00630,S0182,계약,3,28,4.6,0,1
T00631,S0182,상품 등록,4,28,5.1,0,2
T00632,S0182,상품 등록,4,29,5.2,0,2
T00633,S0182,상품 등록,4,30,4.2,0,2
T00634,S0182,판매 준비 완료,5,31,4.4,0,1
T00635,S0033,서류 확인,2,25,1.4,2,2
T00636,S0033,서류 확인,2,26,2.8,2,2
T00637,S0033,계약,3,26,2.6,2,1
T00638,S0033,상품 등록,4,26,4.8,2,1
T00639,S0033,판매 준비 완료,5,28,4.1,2,1
T00640,S0141,서류 확인,2,25,5.4,0,1
T00641,S0141,계약,3,26,3.0,0,1
T00642,S0141,상품 등록,4,27,3.0,0,1
T00643,S0141,판매 준비 완료,5,29,4.8,0,1
T00644,S0141,판매 준비 완료,5,30,4.4,0,1
T00645,S0016,서류 확인,2,26,3.5,3,1
T00646,S0016,서류 확인,2,27,3.5,3,1
T00647,S0016,계약,3,27,3.5,3,1
T00648,S0016,상품 등록,4,28,3.6,3,1
T00649,S0016,상품 등록,4,29,3.8,3,1
T00650,S0016,판매 준비 완료,5,30,4.5,3,1
T00651,S0238,서류 확인,2,26,5.0,5,2
T00652,S0238,서류 확인,2,27,5.2,5,2
T00653,S0099,서류 확인,2,26,2.2,2,1
T00654,S0099,서류 확인,2,27,2.8,2,1
T00655,S0099,계약,3,27,3.9,2,1
T00656,S0099,상품 등록,4,29,4.4,2,1
T00657,S0099,판매 준비 완료,5,31,3.1,2,1
T00658,S0193,서류 확인,2,26,4.1,4,2
T00659,S0193,서류 확인,2,27,5.7,4,2
T00660,S0193,계약,3,27,3.1,4,1
T00661,S0193,상품 등록,4,28,5.8,4,1
T00662,S0193,판매 준비 완료,5,30,4.7,4,1
T00663,S0014,서류 확인,2,27,4.0,2,1
T00664,S0014,계약,3,29,2.9,2,1
T00665,S0014,상품 등록,4,30,3.6,2,2
T00666,S0014,상품 등록,4,31,4.3,2,2
T00667,S0014,판매 준비 완료,5,34,4.3,2,1
T00668,S0163,서류 확인,2,27,3.9,2,1
T00669,S0163,계약,3,28,5.6,2,1
T00670,S0163,상품 등록,4,29,4.6,2,1
T00671,S0163,판매 준비 완료,5,31,5.6,2,1
T00672,S0018,서류 확인,2,28,2.3,0,1
T00673,S0018,계약,3,29,4.3,0,1
T00674,S0018,상품 등록,4,30,4.5,0,1
T00675,S0018,상품 등록,4,31,5.6,0,1
T00676,S0018,판매 준비 완료,5,32,4.5,0,1
T00677,S0018,판매 준비 완료,5,33,4.4,0,1
T00678,S0053,서류 확인,2,29,5.8,1,2
T00679,S0053,서류 확인,2,30,4.0,1,2
T00680,S0053,계약,3,30,3.3,1,1
T00681,S0053,상품 등록,4,31,4.3,1,2
T00682,S0053,상품 등록,4,32,3.7,1,2
T00683,S0053,판매 준비 완료,5,34,6.4,1,1
T00684,S0227,서류 확인,2,29,3.6,2,1
T00685,S0227,계약,3,30,3.6,2,1
T00686,S0227,상품 등록,4,32,3.1,2,2
T00687,S0227,상품 등록,4,33,4.5,2,2
T00688,S0227,판매 준비 완료,5,34,4.6,2,1
T00689,S0112,서류 확인,2,29,4.2,4,2
T00690,S0112,서류 확인,2,30,4.1,4,2
T00691,S0112,계약,3,31,4.9,4,1
T00692,S0112,상품 등록,4,32,3.0,4,2
T00693,S0112,상품 등록,4,33,3.8,4,2
T00694,S0112,상품 등록,4,34,4.1,4,2
T00695,S0112,판매 준비 완료,5,36,5.2,4,1
T00696,S0067,서류 확인,2,29,3.2,3,1
T00697,S0067,서류 확인,2,30,4.0,3,1
T00698,S0067,계약,3,30,3.9,3,1
T00699,S0067,상품 등록,4,31,4.6,3,2
T00700,S0067,상품 등록,4,32,5.5,3,2
T00701,S0067,판매 준비 완료,5,33,5.2,3,1
T00702,S0070,서류 확인,2,30,2.4,3,1
T00703,S0070,서류 확인,2,31,3.5,3,1
T00704,S0070,계약,3,32,4.7,3,1
T00705,S0070,계약,3,33,4.5,3,1
T00706,S0070,상품 등록,4,33,5.9,3,1
T00707,S0070,판매 준비 완료,5,34,5.5,3,1
T00708,S0137,서류 확인,2,31,3.2,0,1
T00709,S0137,계약,3,32,3.7,0,1
T00710,S0001,서류 확인,2,31,4.4,1,1
T00711,S0001,계약,3,32,4.5,1,1
T00712,S0001,상품 등록,4,32,3.5,1,1
T00713,S0001,판매 준비 완료,5,34,5.3,1,1
T00714,S0203,서류 확인,2,31,3.6,3,1
T00715,S0203,계약,3,32,4.3,3,1
T00716,S0203,계약,3,33,2.7,3,1
T00717,S0203,상품 등록,4,33,3.3,3,1
T00718,S0203,판매 준비 완료,5,36,6.2,3,1
T00719,S0140,서류 확인,2,31,2.6,0,1
T00720,S0140,계약,3,32,3.2,0,1
T00721,S0140,상품 등록,4,33,3.1,0,1
T00722,S0140,판매 준비 완료,5,37,4.4,0,1
T00723,S0140,판매 준비 완료,5,38,4.7,0,1
T00724,S0015,서류 확인,2,31,1.0,2,2
T00725,S0015,서류 확인,2,32,2.2,2,2
T00726,S0015,계약,3,32,2.6,2,1
T00727,S0015,상품 등록,4,33,1.9,2,2
T00728,S0015,상품 등록,4,34,5.3,2,2
T00729,S0015,상품 등록,4,35,5.6,2,2
T00730,S0015,판매 준비 완료,5,35,4.4,2,1
T00731,S0015,판매 준비 완료,5,36,5.8,2,1
T00732,S0143,서류 확인,2,32,5.0,0,1
T00733,S0143,계약,3,33,3.4,0,1
T00734,S0143,상품 등록,4,34,4.3,0,1
T00735,S0143,판매 준비 완료,5,36,5.8,0,1
T00736,S0167,서류 확인,2,32,4.4,0,1
T00737,S0167,서류 확인,2,33,4.2,0,1
T00738,S0167,계약,3,34,5.3,0,1
T00739,S0167,상품 등록,4,35,3.6,0,1
T00740,S0167,상품 등록,4,36,3.9,0,1
T00741,S0167,판매 준비 완료,5,38,5.1,0,1
T00742,S0054,서류 확인,2,33,3.0,0,1
T00743,S0054,계약,3,35,3.5,0,1
T00744,S0054,상품 등록,4,37,2.5,0,1
T00745,S0054,판매 준비 완료,5,40,4.4,0,1
T00746,S0054,판매 준비 완료,5,41,5.7,0,1
T00747,S0032,서류 확인,2,33,2.6,0,1
T00748,S0032,계약,3,34,3.8,0,1
T00749,S0032,상품 등록,4,35,7.0,0,1
T00750,S0032,판매 준비 완료,5,36,4.9,0,1
T00751,S0021,서류 확인,2,33,2.6,0,1
T00752,S0021,계약,3,34,5.3,0,1
T00753,S0021,계약,3,35,3.9,0,1
T00754,S0021,상품 등록,4,35,1.8,0,1
T00755,S0021,판매 준비 완료,5,37,4.2,0,1
T00756,S0113,서류 확인,2,34,3.0,2,2
T00757,S0113,서류 확인,2,35,3.5,2,2
T00758,S0113,계약,3,35,2.8,2,1
T00759,S0113,상품 등록,4,36,4.4,2,1
T00760,S0113,판매 준비 완료,5,37,4.8,2,1
T00761,S0113,판매 준비 완료,5,38,4.1,2,1
T00762,S0122,서류 확인,2,34,2.7,1,1
T00763,S0122,계약,3,35,1.8,1,1
T00764,S0122,상품 등록,4,36,5.4,1,1
T00765,S0122,상품 등록,4,37,5.1,1,1
T00766,S0122,판매 준비 완료,5,38,2.8,1,1
T00767,S0080,서류 확인,2,34,1.7,0,1
T00768,S0080,계약,3,35,4.0,0,1
T00769,S0080,상품 등록,4,36,5.0,0,1
T00770,S0080,판매 준비 완료,5,37,6.0,0,1
T00771,S0050,서류 확인,2,34,3.8,2,1
T00772,S0050,계약,3,34,3.5,2,1
T00773,S0050,상품 등록,4,35,4.1,2,2
T00774,S0050,상품 등록,4,36,5.9,2,2
T00775,S0050,판매 준비 완료,5,37,3.4,2,1
T00776,S0025,서류 확인,2,34,2.9,4,1
T00777,S0025,계약,3,35,4.0,4,1
T00778,S0025,상품 등록,4,37,2.9,4,1
T00779,S0025,판매 준비 완료,5,40,3.4,4,1
T00780,S0081,서류 확인,2,34,2.5,3,1
T00781,S0081,계약,3,35,4.8,3,1
T00782,S0081,상품 등록,4,36,4.9,3,1
T00783,S0081,판매 준비 완료,5,38,5.3,3,1
T00784,S0118,서류 확인,2,34,3.0,2,2
T00785,S0118,서류 확인,2,35,3.2,2,2
T00786,S0118,계약,3,36,2.2,2,1
T00787,S0118,상품 등록,4,37,3.6,2,1
T00788,S0118,상품 등록,4,38,4.5,2,1
T00789,S0118,판매 준비 완료,5,41,4.6,2,1
T00790,S0191,서류 확인,2,34,2.7,4,2
T00791,S0191,서류 확인,2,35,3.9,4,2
T00792,S0191,계약,3,35,5.0,4,1
T00793,S0191,계약,3,36,4.5,4,1
T00794,S0191,상품 등록,4,36,4.5,4,1
T00795,S0191,상품 등록,4,37,3.2,4,1
T00796,S0191,판매 준비 완료,5,39,6.5,4,1
T00797,S0188,서류 확인,2,35,4.5,0,1
T00798,S0188,계약,3,36,4.4,0,1
T00799,S0188,상품 등록,4,37,3.7,0,1
T00800,S0188,판매 준비 완료,5,39,6.7,0,1
T00801,S0240,서류 확인,2,35,3.8,0,1
T00802,S0240,서류 확인,2,36,3.1,0,1
T00803,S0240,계약,3,36,3.1,0,1
T00804,S0240,상품 등록,4,37,4.9,0,1
T00805,S0240,판매 준비 완료,5,38,4.6,0,1
T00806,S0145,서류 확인,2,35,2.3,4,2
T00807,S0145,서류 확인,2,36,4.1,4,2
T00808,S0145,계약,3,37,4.7,4,1
T00809,S0145,상품 등록,4,38,5.4,4,1
T00810,S0145,판매 준비 완료,5,40,7.1,4,1
T00811,S0092,서류 확인,2,35,1.7,2,1
T00812,S0092,계약,3,36,2.6,2,1
T00813,S0092,상품 등록,4,37,4.0,2,1
T00814,S0092,상품 등록,4,38,5.7,2,1
T00815,S0092,판매 준비 완료,5,39,6.1,2,1
T00816,S0092,판매 준비 완료,5,40,4.4,2,1
T00817,S0152,서류 확인,2,35,1.6,2,2
T00818,S0152,서류 확인,2,36,4.0,2,2
T00819,S0152,계약,3,36,3.0,2,1
T00820,S0152,상품 등록,4,37,4.8,2,1
T00821,S0152,판매 준비 완료,5,40,3.3,2,1
T00822,S0095,서류 확인,2,36,3.4,2,2
T00823,S0095,서류 확인,2,37,4.1,2,2
T00824,S0095,계약,3,38,2.7,2,1
T00825,S0095,상품 등록,4,39,1.8,2,1
T00826,S0095,판매 준비 완료,5,42,5.1,2,1
T00827,S0003,서류 확인,2,36,4.4,1,2
T00828,S0003,서류 확인,2,37,4.2,1,2
T00829,S0003,계약,3,37,3.0,1,1
T00830,S0003,상품 등록,4,38,4.3,1,1
T00831,S0003,판매 준비 완료,5,41,4.2,1,1
T00832,S0110,서류 확인,2,37,3.3,1,1
T00833,S0110,계약,3,38,4.5,1,1
T00834,S0110,상품 등록,4,40,4.2,1,1
T00835,S0110,판매 준비 완료,5,42,1.9,1,1
T00836,S0013,서류 확인,2,37,1.7,0,1
T00837,S0013,계약,3,37,4.7,0,1
T00838,S0013,상품 등록,4,38,3.9,0,1
T00839,S0013,판매 준비 완료,5,41,4.5,0,1
T00840,S0013,판매 준비 완료,5,42,4.8,0,1
T00841,S0084,서류 확인,2,37,3.0,2,2
T00842,S0084,서류 확인,2,38,3.4,2,2
T00843,S0084,계약,3,38,3.8,2,1
T00844,S0084,상품 등록,4,40,4.2,2,1
T00845,S0084,판매 준비 완료,5,44,4.6,2,1
T00846,S0100,서류 확인,2,37,3.2,2,2
T00847,S0100,서류 확인,2,38,3.7,2,2
T00848,S0100,계약,3,38,3.4,2,1
T00849,S0179,서류 확인,2,37,3.2,0,2
T00850,S0179,서류 확인,2,38,3.8,0,2
T00851,S0179,계약,3,39,3.9,0,1
T00852,S0179,상품 등록,4,41,6.0,0,1
T00853,S0179,상품 등록,4,42,4.0,0,1
T00854,S0179,판매 준비 완료,5,43,4.6,0,1
T00855,S0234,서류 확인,2,37,2.5,0,1
T00856,S0234,서류 확인,2,38,3.4,0,1
T00857,S0234,계약,3,38,3.7,0,1
T00858,S0234,상품 등록,4,39,5.9,0,1
T00859,S0234,판매 준비 완료,5,41,5.6,0,1
T00860,S0234,판매 준비 완료,5,42,5.7,0,1
T00861,S0098,서류 확인,2,37,5.4,0,1
T00862,S0098,계약,3,38,3.5,0,1
T00863,S0098,상품 등록,4,40,4.5,0,2
T00864,S0098,상품 등록,4,41,3.9,0,2
T00865,S0098,판매 준비 완료,5,44,5.2,0,1
T00866,S0098,판매 준비 완료,5,45,6.2,0,1
T00867,S0082,서류 확인,2,38,4.1,2,2
T00868,S0082,서류 확인,2,39,3.6,2,2
T00869,S0082,계약,3,39,4.0,2,1
T00870,S0082,상품 등록,4,40,3.8,2,2
T00871,S0082,상품 등록,4,41,3.8,2,2
T00872,S0082,판매 준비 완료,5,42,4.9,2,1
T00873,S0058,서류 확인,2,39,2.5,1,2
T00874,S0058,서류 확인,2,40,3.8,1,2
T00875,S0058,계약,3,39,4.4,1,1
T00876,S0058,상품 등록,4,40,4.1,1,1
T00877,S0058,판매 준비 완료,5,42,4.5,1,1
T00878,S0058,판매 준비 완료,5,43,5.8,1,1
T00879,S0111,서류 확인,2,39,2.0,3,2
T00880,S0111,서류 확인,2,40,3.6,3,2
T00881,S0111,계약,3,39,3.8,3,1
T00882,S0111,계약,3,40,4.4,3,1
T00883,S0111,상품 등록,4,40,3.3,3,2
T00884,S0111,상품 등록,4,41,4.0,3,2
T00885,S0111,판매 준비 완료,5,43,6.1,3,1
T00886,S0119,서류 확인,2,39,1.8,2,1
T00887,S0119,계약,3,40,5.0,2,1
T00888,S0119,상품 등록,4,41,6.1,2,2
T00889,S0119,상품 등록,4,42,4.5,2,2
T00890,S0119,판매 준비 완료,5,44,6.2,2,1
T00891,S0210,서류 확인,2,39,3.1,0,1
T00892,S0210,계약,3,41,3.5,0,1
T00893,S0210,계약,3,42,3.4,0,1
T00894,S0210,상품 등록,4,42,2.5,0,2
T00895,S0210,상품 등록,4,43,4.5,0,2
T00896,S0210,판매 준비 완료,5,45,5.2,0,1
T00897,S0159,서류 확인,2,39,3.8,0,1
T00898,S0159,계약,3,41,3.5,0,1
T00899,S0159,계약,3,42,5.2,0,1
T00900,S0159,상품 등록,4,42,4.6,0,1
T00901,S0159,판매 준비 완료,5,44,4.7,0,1
T00902,S0019,서류 확인,2,40,3.5,3,2
T00903,S0019,서류 확인,2,41,3.3,3,2
T00904,S0019,서류 확인,2,42,4.7,3,2
T00905,S0019,계약,3,41,4.5,3,1
T00906,S0019,계약,3,42,3.4,3,1
T00907,S0019,상품 등록,4,43,6.3,3,1
T00908,S0019,판매 준비 완료,5,47,4.2,3,1
T00909,S0190,서류 확인,2,40,2.6,2,2
T00910,S0190,서류 확인,2,41,3.4,2,2
T00911,S0190,계약,3,40,4.6,2,1
T00912,S0190,상품 등록,4,41,3.3,2,1
T00913,S0190,판매 준비 완료,5,42,4.2,2,1
T00914,S0107,서류 확인,2,40,3.8,3,2
T00915,S0107,서류 확인,2,41,4.4,3,2
T00916,S0107,계약,3,42,1.9,3,1
T00917,S0107,계약,3,43,4.8,3,1
T00918,S0107,상품 등록,4,43,4.1,3,1
T00919,S0107,판매 준비 완료,5,46,7.1,3,1
T00920,S0142,서류 확인,2,40,1.9,1,2
T00921,S0142,서류 확인,2,41,4.3,1,2
T00922,S0142,서류 확인,2,42,4.4,1,2
T00923,S0142,계약,3,40,3.5,1,1
T00924,S0142,상품 등록,4,41,4.3,1,1
T00925,S0142,판매 준비 완료,5,44,3.8,1,1
T00926,S0142,판매 준비 완료,5,45,4.5,1,1
T00927,S0172,서류 확인,2,40,4.6,4,1
T00928,S0172,계약,3,42,3.6,4,1
T00929,S0172,상품 등록,4,42,4.9,4,2
T00930,S0172,상품 등록,4,43,4.3,4,2
T00931,S0172,판매 준비 완료,5,46,3.6,4,1
T00932,S0187,서류 확인,2,41,3.1,5,2
T00933,S0187,서류 확인,2,42,3.8,5,2
T00934,S0187,계약,3,42,2.6,5,1
T00935,S0187,상품 등록,4,42,4.2,5,2
T00936,S0187,상품 등록,4,43,3.9,5,2
T00937,S0187,판매 준비 완료,5,44,3.2,5,1
T00938,S0187,판매 준비 완료,5,45,4.3,5,1
T00939,S0217,서류 확인,2,41,3.6,2,1
T00940,S0217,서류 확인,2,42,0.8,2,1
T00941,S0217,계약,3,42,3.5,2,1
T00942,S0217,상품 등록,4,43,4.0,2,2
T00943,S0217,상품 등록,4,44,2.9,2,2
T00944,S0217,상품 등록,4,45,4.6,2,2
T00945,S0217,판매 준비 완료,5,47,5.5,2,1
T00946,S0133,서류 확인,2,41,5.1,2,1
T00947,S0133,계약,3,42,3.2,2,1
T00948,S0133,상품 등록,4,43,4.3,2,2
T00949,S0133,상품 등록,4,44,4.5,2,2
T00950,S0133,판매 준비 완료,5,45,4.2,2,1
T00951,S0147,서류 확인,2,42,3.9,1,1
T00952,S0072,서류 확인,2,42,6.1,4,2
T00953,S0072,서류 확인,2,43,2.9,4,2
T00954,S0072,서류 확인,2,44,1.8,4,2
T00955,S0072,계약,3,44,2.7,4,1
T00956,S0072,계약,3,45,5.0,4,1
T00957,S0072,상품 등록,4,46,5.9,4,2
T00958,S0072,상품 등록,4,47,5.7,4,2
T00959,S0072,판매 준비 완료,5,49,3.4,4,1
T00960,S0048,서류 확인,2,42,1.9,0,1
T00961,S0048,계약,3,43,4.9,0,1
T00962,S0048,상품 등록,4,44,5.0,0,1
T00963,S0048,판매 준비 완료,5,46,4.6,0,1
T00964,S0104,서류 확인,2,42,4.4,2,1
T00965,S0104,계약,3,42,4.0,2,1
T00966,S0104,상품 등록,4,43,3.5,2,1
T00967,S0104,판매 준비 완료,5,45,5.3,2,1
T00968,S0104,판매 준비 완료,5,46,3.1,2,1
T00969,S0039,서류 확인,2,43,5.4,0,1
T00970,S0039,계약,3,44,4.6,0,1
T00971,S0039,상품 등록,4,45,3.7,0,1
T00972,S0039,판매 준비 완료,5,48,3.8,0,1
T00973,S0039,판매 준비 완료,5,49,5.7,0,1
T00974,S0043,서류 확인,2,43,4.2,4,1
T00975,S0043,계약,3,44,3.7,4,1
T00976,S0043,상품 등록,4,46,3.4,4,2
T00977,S0043,상품 등록,4,47,3.9,4,2
T00978,S0043,판매 준비 완료,5,48,3.4,4,1
T00979,S0231,서류 확인,2,43,3.5,0,1
T00980,S0231,계약,3,44,5.3,0,1
T00981,S0231,상품 등록,4,44,4.3,0,1
T00982,S0231,판매 준비 완료,5,45,4.7,0,1
T00983,S0165,서류 확인,2,43,3.6,1,2
T00984,S0165,서류 확인,2,44,4.2,1,2
T00985,S0165,계약,3,44,4.0,1,1
T00986,S0165,상품 등록,4,45,5.6,1,1
T00987,S0165,판매 준비 완료,5,48,4.7,1,1
T00988,S0037,서류 확인,2,44,3.2,2,1
T00989,S0037,계약,3,45,5.1,2,1
T00990,S0037,상품 등록,4,46,3.2,2,1
T00991,S0037,판매 준비 완료,5,48,5.7,2,1
T00992,S0026,서류 확인,2,44,2.8,1,2
T00993,S0026,서류 확인,2,45,3.6,1,2
T00994,S0026,계약,3,46,2.8,1,1
T00995,S0026,상품 등록,4,47,6.3,1,1
T00996,S0026,판매 준비 완료,5,50,4.5,1,1
T00997,S0030,서류 확인,2,44,3.9,1,2
T00998,S0030,서류 확인,2,45,5.9,1,2
T00999,S0030,계약,3,45,3.8,1,1
T01000,S0030,계약,3,46,4.3,1,1
T01001,S0030,상품 등록,4,46,3.5,1,1
T01002,S0030,판매 준비 완료,5,49,4.0,1,1
T01003,S0009,서류 확인,2,44,4.8,2,1
T01004,S0009,계약,3,45,5.5,2,1
T01005,S0009,계약,3,46,4.9,2,1
T01006,S0009,상품 등록,4,47,3.4,2,1
T01007,S0009,판매 준비 완료,5,48,5.7,2,1
T01008,S0209,서류 확인,2,44,3.8,0,1
T01009,S0209,계약,3,45,1.0,0,1
T01010,S0185,서류 확인,2,45,4.9,0,1
T01011,S0185,계약,3,46,5.3,0,1
T01012,S0185,계약,3,47,4.5,0,1
T01013,S0185,상품 등록,4,47,3.1,0,1
T01014,S0185,상품 등록,4,48,4.9,0,1
T01015,S0185,판매 준비 완료,5,49,4.7,0,1
T01016,S0036,서류 확인,2,45,3.3,0,1
T01017,S0036,서류 확인,2,46,2.8,0,1
T01018,S0036,계약,3,47,2.9,0,1
T01019,S0036,계약,3,48,5.6,0,1
T01020,S0036,상품 등록,4,48,5.7,0,1
T01021,S0036,상품 등록,4,49,5.4,0,1
T01022,S0036,판매 준비 완료,5,50,6.4,0,1
T01023,S0176,서류 확인,2,45,2.2,1,1
T01024,S0176,서류 확인,2,46,4.0,1,1
T01025,S0176,계약,3,46,3.7,1,1
T01026,S0176,상품 등록,4,47,3.7,1,1
T01027,S0176,상품 등록,4,48,4.1,1,1
T01028,S0176,판매 준비 완료,5,50,4.3,1,1
T01029,S0123,서류 확인,2,45,3.9,2,2
T01030,S0123,서류 확인,2,46,3.9,2,2
T01031,S0123,계약,3,47,4.1,2,1
T01032,S0123,계약,3,48,5.7,2,1
T01033,S0091,서류 확인,2,46,3.8,2,1
T01034,S0091,계약,3,47,3.4,2,1
T01035,S0091,상품 등록,4,48,2.8,2,2
T01036,S0091,상품 등록,4,49,3.5,2,2
T01037,S0091,판매 준비 완료,5,49,4.3,2,1
T01038,S0208,서류 확인,2,46,3.6,2,1
T01039,S0208,계약,3,47,3.2,2,1
T01040,S0208,상품 등록,4,48,3.3,2,1
T01041,S0208,판매 준비 완료,5,50,3.9,2,1
T01042,S0166,서류 확인,2,46,3.5,0,1
T01043,S0166,계약,3,47,5.5,0,1
T01044,S0166,상품 등록,4,48,4.8,0,1
T01045,S0166,판매 준비 완료,5,50,6.3,0,1
T01046,S0166,판매 준비 완료,5,51,5.8,0,1
T01047,S0046,서류 확인,2,46,4.2,1,2
T01048,S0046,서류 확인,2,47,3.8,1,2
T01049,S0046,계약,3,48,4.9,1,1
T01050,S0046,상품 등록,4,49,4.3,1,1
T01051,S0046,판매 준비 완료,5,53,4.3,1,1
T01052,S0046,판매 준비 완료,5,54,4.1,1,1
T01053,S0022,서류 확인,2,46,4.0,0,1
T01054,S0022,계약,3,47,2.0,0,1
T01055,S0022,상품 등록,4,49,5.2,0,1
T01056,S0022,판매 준비 완료,5,52,5.1,0,1
T01057,S0173,서류 확인,2,46,1.0,3,1
T01058,S0173,계약,3,47,1.6,3,1
T01059,S0173,상품 등록,4,48,2.2,3,2
T01060,S0173,상품 등록,4,49,4.2,3,2
T01061,S0173,상품 등록,4,50,3.1,3,2
T01062,S0173,판매 준비 완료,5,51,5.9,3,1
T01063,S0031,서류 확인,2,47,1.2,3,1
T01064,S0031,계약,3,48,2.9,3,1
T01065,S0031,상품 등록,4,49,4.5,3,1
T01066,S0031,판매 준비 완료,5,51,3.5,3,1
T01067,S0239,서류 확인,2,47,2.5,2,2
T01068,S0239,서류 확인,2,48,3.2,2,2
T01069,S0239,계약,3,48,6.1,2,1
T01070,S0239,계약,3,49,4.8,2,1
T01071,S0239,상품 등록,4,50,3.7,2,1
T01072,S0239,상품 등록,4,51,5.5,2,1
T01073,S0239,판매 준비 완료,5,52,4.3,2,1
T01074,S0239,판매 준비 완료,5,53,4.5,2,1
T01075,S0197,서류 확인,2,47,3.3,1,1
T01076,S0197,서류 확인,2,48,3.2,1,1
T01077,S0197,계약,3,48,2.1,1,1
T01078,S0197,상품 등록,4,49,4.4,1,1
T01079,S0197,판매 준비 완료,5,50,4.8,1,1
T01080,S0024,서류 확인,2,47,3.7,3,1
T01081,S0024,서류 확인,2,48,2.3,3,1
T01082,S0024,계약,3,48,2.4,3,1
T01083,S0024,상품 등록,4,48,2.3,3,2
T01084,S0024,상품 등록,4,49,3.9,3,2
T01085,S0024,판매 준비 완료,5,51,4.8,3,1
T01086,S0216,서류 확인,2,47,2.4,4,2
T01087,S0216,서류 확인,2,48,0.8,4,2
T01088,S0216,계약,3,48,5.0,4,1
T01089,S0216,상품 등록,4,49,4.7,4,1
T01090,S0216,판매 준비 완료,5,51,5.6,4,1
T01091,S0069,서류 확인,2,48,3.0,2,1
T01092,S0069,계약,3,49,3.5,2,1
T01093,S0069,상품 등록,4,49,5.2,2,1
T01094,S0069,상품 등록,4,50,4.8,2,1
T01095,S0069,판매 준비 완료,5,52,3.9,2,1
T01096,S0069,판매 준비 완료,5,53,5.5,2,1
T01097,S0171,서류 확인,2,48,3.1,1,1
T01098,S0171,계약,3,49,2.7,1,1
T01099,S0171,상품 등록,4,50,4.3,1,2
T01100,S0171,상품 등록,4,51,4.9,1,2
T01101,S0171,판매 준비 완료,5,53,4.2,1,1
T01102,S0178,서류 확인,2,49,2.1,1,1
T01103,S0178,계약,3,50,3.5,1,1
T01104,S0178,상품 등록,4,50,5.2,1,1
T01105,S0178,판매 준비 완료,5,52,5.6,1,1
T01106,S0178,판매 준비 완료,5,53,3.3,1,1
T01107,S0215,서류 확인,2,49,3.8,0,1
T01108,S0215,계약,3,50,2.8,0,1
T01109,S0215,상품 등록,4,51,4.7,0,1
T01110,S0215,판매 준비 완료,5,52,3.8,0,1
T01111,S0215,판매 준비 완료,5,53,4.1,0,1
T01112,S0235,서류 확인,2,49,4.2,1,1
T01113,S0235,서류 확인,2,50,4.5,1,1
T01114,S0235,계약,3,50,5.0,1,1
T01115,S0235,계약,3,51,5.0,1,1
T01116,S0235,상품 등록,4,51,3.0,1,1
T01117,S0235,상품 등록,4,52,6.2,1,1
T01118,S0235,판매 준비 완료,5,54,3.6,1,1
T01119,S0235,판매 준비 완료,5,55,5.6,1,1
T01120,S0196,서류 확인,2,49,1.8,0,2
T01121,S0196,서류 확인,2,50,4.2,0,2
T01122,S0196,서류 확인,2,51,4.1,0,2
T01123,S0196,계약,3,50,4.3,0,1
T01124,S0196,상품 등록,4,51,3.6,0,1
T01125,S0196,판매 준비 완료,5,54,5.2,0,1
T01126,S0066,서류 확인,2,50,3.4,2,1
T01127,S0066,계약,3,51,2.7,2,1
T01128,S0066,계약,3,52,4.8,2,1
T01129,S0066,상품 등록,4,52,3.9,2,1
T01130,S0066,판매 준비 완료,5,55,4.9,2,1
T01131,S0195,서류 확인,2,50,4.9,2,2
T01132,S0195,서류 확인,2,51,3.5,2,2
T01133,S0195,계약,3,51,3.9,2,1
T01134,S0195,상품 등록,4,53,4.5,2,1
T01135,S0195,판매 준비 완료,5,55,4.8,2,1
T01136,S0195,판매 준비 완료,5,55,6.4,2,1
T01137,S0124,서류 확인,2,50,5.3,0,1
T01138,S0124,계약,3,52,3.4,0,1
T01139,S0124,상품 등록,4,53,4.0,0,1
T01140,S0124,판매 준비 완료,5,55,3.6,0,1
T01141,S0038,서류 확인,2,50,2.2,1,1
T01142,S0038,계약,3,50,2.0,1,1
T01143,S0038,상품 등록,4,51,5.7,1,1
T01144,S0038,판매 준비 완료,5,53,6.3,1,1
T01145,S0038,판매 준비 완료,5,54,4.6,1,1
T01146,S0156,서류 확인,2,50,5.4,0,1
T01147,S0156,계약,3,51,4.3,0,1
T01148,S0156,계약,3,52,3.9,0,1
T01149,S0156,상품 등록,4,52,5.7,0,1
T01150,S0156,상품 등록,4,53,2.6,0,1
T01151,S0156,판매 준비 완료,5,54,3.0,0,1
T01152,S0012,서류 확인,2,51,5.1,1,1
T01153,S0012,계약,3,52,2.3,1,1
T01154,S0012,상품 등록,4,53,4.7,1,1
T01155,S0012,판매 준비 완료,5,54,4.3,1,1
T01156,S0059,서류 확인,2,51,2.9,1,1
T01157,S0059,계약,3,52,4.7,1,1
T01158,S0059,상품 등록,4,53,5.4,1,1
T01159,S0059,판매 준비 완료,5,55,4.6,1,1
T01160,S0202,서류 확인,2,52,3.9,0,1
T01161,S0202,계약,3,53,4.2,0,1
T01162,S0202,계약,3,54,4.4,0,1
T01163,S0202,상품 등록,4,54,4.6,0,1
T01164,S0202,상품 등록,4,55,4.8,0,1
T01165,S0202,판매 준비 완료,5,55,4.9,0,1
T01166,S0219,서류 확인,2,52,3.7,1,1
T01167,S0219,서류 확인,2,53,3.4,1,1
T01168,S0219,계약,3,54,4.5,1,1
T01169,S0219,계약,3,55,5.4,1,1
T01170,S0219,상품 등록,4,55,4.7,1,2
T01171,S0219,상품 등록,4,55,5.0,1,2
T01172,S0219,상품 등록,4,55,6.3,1,2
T01173,S0108,서류 확인,2,52,3.8,0,1
T01174,S0108,계약,3,53,3.3,0,1
T01175,S0108,상품 등록,4,54,4.5,0,1
T01176,S0151,서류 확인,2,52,3.2,0,1
T01177,S0151,서류 확인,2,53,3.6,0,1
T01178,S0151,계약,3,53,3.8,0,1
T01179,S0151,계약,3,54,2.9,0,1
T01180,S0151,상품 등록,4,54,3.9,0,1
T01181,S0094,서류 확인,2,53,3.4,1,1
T01182,S0094,서류 확인,2,54,3.6,1,1
T01183,S0094,계약,3,54,3.7,1,1
T01184,S0094,상품 등록,4,55,3.6,1,1
T01185,S0183,서류 확인,2,53,4.4,0,1
T01186,S0183,계약,3,55,3.0,0,1
T01187,S0183,계약,3,55,4.9,0,1
T01188,S0183,상품 등록,4,55,4.7,0,1
T01189,S0183,상품 등록,4,55,6.2,0,1
T01190,S0144,서류 확인,2,53,3.1,1,1
T01191,S0144,계약,3,54,3.9,1,1
T01192,S0144,상품 등록,4,55,4.6,1,1
T01193,S0174,서류 확인,2,53,3.9,1,1
T01194,S0174,계약,3,54,3.4,1,1
T01195,S0174,상품 등록,4,54,5.3,1,1
T01196,S0052,서류 확인,2,53,3.6,2,2
T01197,S0052,서류 확인,2,54,4.1,2,2
T01198,S0052,계약,3,54,4.7,2,1
T01199,S0052,계약,3,55,3.8,2,1
T01200,S0052,상품 등록,4,54,3.7,2,2
T01201,S0052,상품 등록,4,55,5.0,2,2
T01202,S0029,서류 확인,2,54,5.0,0,2
T01203,S0029,서류 확인,2,55,3.5,0,2
T01204,S0029,계약,3,55,4.4,0,1
T01205,S0170,서류 확인,2,54,4.1,0,2
T01206,S0170,서류 확인,2,55,4.7,0,2
T01207,S0170,서류 확인,2,55,3.5,0,2
T01208,S0170,계약,3,55,5.0,0,1
T01209,S0125,서류 확인,2,54,4.4,0,2
T01210,S0125,서류 확인,2,55,5.4,0,2
T01211,S0125,계약,3,55,3.2,0,1
T01212,S0121,서류 확인,2,54,4.5,0,2
T01213,S0121,서류 확인,2,55,3.3,0,2
T01214,S0121,계약,3,55,4.4,0,1
T01215,S0085,서류 확인,2,55,2.2,0,1
T01216,S0105,서류 확인,2,55,4.4,0,2
T01217,S0105,서류 확인,2,55,3.7,0,2
T01218,S0023,서류 확인,2,55,4.1,0,1
T01219,S0023,계약,3,55,5.0,0,1
T01220,S0078,서류 확인,2,55,1.7,0,1
T01221,S0078,서류 확인,2,55,4.5,0,1
T01222,S0150,서류 확인,2,55,3.7,0,1
T01223,S0150,서류 확인,2,55,5.6,0,1
T01224,S0150,계약,3,55,4.0,0,1
T01225,S0168,서류 확인,2,55,3.1,0,1
